country_name,date,new_confirmed,new_deceased,cumulative_confirmed,previous_day_cases,rolling_avg_cases,growth_rate,death_ratio,future_cases,risk_level,year,risk_category
Uganda,2020-01-07,0.0,0.0,1.0,0.0,0.14285714285714285,0.0,0.0,0.0,0,2020,Low
Uganda,2020-01-08,0.0,0.0,1.0,0.0,0.14285714285714285,0.0,0.0,0.0,0,2020,Low
Uganda,2020-01-09,0.0,0.0,1.0,0.0,0.0,0.0,0.0,0.0,0,2020,Low
Uganda,2020-01-10,0.0,0.0,1.0,0.0,0.0,0.0,0.0,0.0,0,2020,Low
Uganda,2020-01-11,0.0,0.0,1.0,0.0,0.0,0.0,0.0,0.0,0,2020,Low
Uganda,2020-01-12,0.0,0.0,1.0,0.0,0.0,0.0,0.0,0.0,0,2020,Low
Uganda,2020-01-13,0.0,0.0,1.0,0.0,0.0,0.0,0.0,0.0,0,2020,Low
Uganda,2020-01-14,0.0,0.0,1.0,0.0,0.0,0.0,0.0,0.0,0,2020,Low
Uganda,2020-01-15,0.0,0.0,1.0,0.0,0.0,0.0,0.0,0.0,0,2020,Low
Uganda,2020-01-16,0.0,0.0,1.0,0.0,0.0,0.0,0.0,0.0,0,2020,Low
Uganda,2020-01-17,0.0,0.0,1.0,0.0,0.0,0.0,0.0,0.0,0,2020,Low
Uganda,2020-01-18,0.0,0.0,1.0,0.0,0.0,0.0,0.0,0.0,0,2020,Low
Uganda,2020-01-19,0.0,0.0,1.0,0.0,0.0,0.0,0.0,0.0,0,2020,Low
Uganda,2020-01-20,0.0,0.0,1.0,0.0,0.0,0.0,0.0,0.0,0,2020,Low
Uganda,2020-01-21,0.0,0.0,1.0,0.0,0.0,0.0,0.0,0.0,0,2020,Low
Uganda,2020-01-22,0.0,0.0,1.0,0.0,0.0,0.0,0.0,0.0,0,2020,Low
Uganda,2020-01-23,0.0,0.0,1.0,0.0,0.0,0.0,0.0,0.0,0,2020,Low
Uganda,2020-01-24,0.0,0.0,1.0,0.0,0.0,0.0,0.0,0.0,0,2020,Low
Uganda,2020-01-25,0.0,0.0,1.0,0.0,0.0,0.0,0.0,0.0,0,2020,Low
Uganda,2020-01-26,0.0,0.0,1.0,0.0,0.0,0.0,0.0,0.0,0,2020,Low
Uganda,2020-01-27,0.0,0.0,1.0,0.0,0.0,0.0,0.0,0.0,0,2020,Low
Uganda,2020-01-28,0.0,0.0,1.0,0.0,0.0,0.0,0.0,0.0,0,2020,Low
Uganda,2020-01-29,0.0,0.0,1.0,0.0,0.0,0.0,0.0,0.0,0,2020,Low
Uganda,2020-01-30,0.0,0.0,1.0,0.0,0.0,0.0,0.0,0.0,0,2020,Low
Uganda,2020-01-31,0.0,0.0,1.0,0.0,0.0,0.0,0.0,0.0,0,2020,Low
Uganda,2020-02-01,0.0,0.0,1.0,0.0,0.0,0.0,0.0,0.0,0,2020,Low
Uganda,2020-02-02,0.0,0.0,1.0,0.0,0.0,0.0,0.0,0.0,0,2020,Low
Uganda,2020-02-03,0.0,0.0,1.0,0.0,0.0,0.0,0.0,0.0,0,2020,Low
Uganda,2020-02-04,0.0,0.0,1.0,0.0,0.0,0.0,0.0,0.0,0,2020,Low
Uganda,2020-02-05,0.0,0.0,1.0,0.0,0.0,0.0,0.0,0.0,0,2020,Low
Uganda,2020-02-06,0.0,0.0,1.0,0.0,0.0,0.0,0.0,0.0,0,2020,Low
Uganda,2020-02-07,0.0,0.0,1.0,0.0,0.0,0.0,0.0,0.0,0,2020,Low
Uganda,2020-02-08,0.0,0.0,1.0,0.0,0.0,0.0,0.0,0.0,0,2020,Low
Uganda,2020-02-09,0.0,0.0,1.0,0.0,0.0,0.0,0.0,0.0,0,2020,Low
Uganda,2020-02-10,0.0,0.0,1.0,0.0,0.0,0.0,0.0,0.0,0,2020,Low
Uganda,2020-02-11,0.0,0.0,1.0,0.0,0.0,0.0,0.0,0.0,0,2020,Low
Uganda,2020-02-12,0.0,0.0,1.0,0.0,0.0,0.0,0.0,0.0,0,2020,Low
Uganda,2020-02-13,0.0,0.0,1.0,0.0,0.0,0.0,0.0,0.0,0,2020,Low
Uganda,2020-02-14,0.0,0.0,1.0,0.0,0.0,0.0,0.0,0.0,0,2020,Low
Uganda,2020-02-15,0.0,0.0,1.0,0.0,0.0,0.0,0.0,0.0,0,2020,Low
Uganda,2020-02-16,0.0,0.0,1.0,0.0,0.0,0.0,0.0,0.0,0,2020,Low
Uganda,2020-02-17,0.0,0.0,1.0,0.0,0.0,0.0,0.0,0.0,0,2020,Low
Uganda,2020-02-18,0.0,0.0,1.0,0.0,0.0,0.0,0.0,0.0,0,2020,Low
Uganda,2020-02-19,0.0,0.0,1.0,0.0,0.0,0.0,0.0,0.0,0,2020,Low
Uganda,2020-02-20,0.0,0.0,1.0,0.0,0.0,0.0,0.0,0.0,0,2020,Low
Uganda,2020-02-21,0.0,0.0,1.0,0.0,0.0,0.0,0.0,0.0,0,2020,Low
Uganda,2020-02-22,0.0,0.0,1.0,0.0,0.0,0.0,0.0,0.0,0,2020,Low
Uganda,2020-02-23,0.0,0.0,1.0,0.0,0.0,0.0,0.0,0.0,0,2020,Low
Uganda,2020-02-24,0.0,0.0,1.0,0.0,0.0,0.0,0.0,0.0,0,2020,Low
Uganda,2020-02-25,0.0,0.0,1.0,0.0,0.0,0.0,0.0,0.0,0,2020,Low
Uganda,2020-02-26,0.0,0.0,1.0,0.0,0.0,0.0,0.0,0.0,0,2020,Low
Uganda,2020-02-27,0.0,0.0,1.0,0.0,0.0,0.0,0.0,0.0,0,2020,Low
Uganda,2020-02-28,0.0,0.0,1.0,0.0,0.0,0.0,0.0,0.0,0,2020,Low
Uganda,2020-02-29,0.0,0.0,1.0,0.0,0.0,0.0,0.0,0.0,0,2020,Low
Uganda,2020-03-01,0.0,0.0,1.0,0.0,0.0,0.0,0.0,0.0,0,2020,Low
Uganda,2020-03-02,0.0,0.0,1.0,0.0,0.0,0.0,0.0,0.0,0,2020,Low
Uganda,2020-03-03,0.0,0.0,1.0,0.0,0.0,0.0,0.0,0.0,0,2020,Low
Uganda,2020-03-04,0.0,0.0,1.0,0.0,0.0,0.0,0.0,0.0,0,2020,Low
Uganda,2020-03-05,0.0,0.0,1.0,0.0,0.0,0.0,0.0,0.0,0,2020,Low
Uganda,2020-03-06,0.0,0.0,1.0,0.0,0.0,0.0,0.0,0.0,0,2020,Low
Uganda,2020-03-07,0.0,0.0,1.0,0.0,0.0,0.0,0.0,0.0,0,2020,Low
Uganda,2020-03-08,0.0,0.0,1.0,0.0,0.0,0.0,0.0,0.0,0,2020,Low
Uganda,2020-03-09,0.0,0.0,1.0,0.0,0.0,0.0,0.0,0.0,0,2020,Low
Uganda,2020-03-10,0.0,0.0,1.0,0.0,0.0,0.0,0.0,0.0,0,2020,Low
Uganda,2020-03-11,0.0,0.0,1.0,0.0,0.0,0.0,0.0,0.0,0,2020,Low
Uganda,2020-03-12,0.0,0.0,1.0,0.0,0.0,0.0,0.0,0.0,0,2020,Low
Uganda,2020-03-13,0.0,0.0,1.0,0.0,0.0,0.0,0.0,0.0,0,2020,Low
Uganda,2020-03-14,0.0,0.0,1.0,0.0,0.0,0.0,0.0,0.0,0,2020,Low
Uganda,2020-03-15,0.0,0.0,1.0,0.0,0.0,0.0,0.0,0.0,0,2020,Low
Uganda,2020-03-16,0.0,0.0,1.0,0.0,0.0,0.0,0.0,0.0,0,2020,Low
Uganda,2020-03-17,0.0,0.0,1.0,0.0,0.0,0.0,0.0,0.0,0,2020,Low
Uganda,2020-03-18,0.0,0.0,1.0,0.0,0.0,0.0,0.0,0.0,0,2020,Low
Uganda,2020-03-19,0.0,0.0,1.0,0.0,0.0,0.0,0.0,0.0,0,2020,Low
Uganda,2020-03-20,0.0,0.0,1.0,0.0,0.0,0.0,0.0,0.0,0,2020,Low
Uganda,2020-03-21,0.0,0.0,1.0,0.0,0.0,0.0,0.0,8.0,0,2020,Low
Uganda,2020-03-22,8.0,0.0,9.0,0.0,1.1428571428571428,0.0,0.0,0.0,0,2020,Low
Uganda,2020-03-23,0.0,0.0,9.0,8.0,1.1428571428571428,-1.0,0.0,3.0,0,2020,Low
Uganda,2020-03-24,3.0,0.0,12.0,0.0,1.5714285714285714,0.0,0.0,4.0,0,2020,Low
Uganda,2020-03-25,4.0,0.0,16.0,3.0,2.142857142857143,0.33333333333333326,0.0,4.0,0,2020,Low
Uganda,2020-03-26,4.0,0.0,20.0,4.0,2.7142857142857144,0.0,0.0,7.0,0,2020,Low
Uganda,2020-03-27,7.0,0.0,27.0,4.0,3.7142857142857144,0.75,0.0,3.0,0,2020,Low
Uganda,2020-03-28,3.0,0.0,30.0,7.0,4.142857142857143,-0.5714285714285714,0.0,0.0,0,2020,Low
Uganda,2020-03-29,0.0,0.0,30.0,3.0,3.0,-1.0,0.0,11.0,0,2020,Low
Uganda,2020-03-30,11.0,0.0,41.0,0.0,4.571428571428571,0.0,0.0,0.0,0,2020,Low
Uganda,2020-03-31,0.0,0.0,41.0,11.0,4.142857142857143,-1.0,0.0,1.0,0,2020,Low
Uganda,2020-04-01,1.0,0.0,42.0,0.0,3.7142857142857144,0.0,0.0,1.0,0,2020,Low
Uganda,2020-04-02,1.0,0.0,43.0,1.0,3.2857142857142856,0.0,0.0,0.0,0,2020,Low
Uganda,2020-04-03,0.0,0.0,43.0,1.0,2.2857142857142856,-1.0,0.0,4.0,0,2020,Low
Uganda,2020-04-04,4.0,0.0,47.0,0.0,2.4285714285714284,0.0,0.0,0.0,0,2020,Low
Uganda,2020-04-05,0.0,0.0,47.0,4.0,2.4285714285714284,-1.0,0.0,0.0,0,2020,Low
Uganda,2020-04-06,0.0,0.0,47.0,0.0,0.8571428571428571,0.0,0.0,1.0,0,2020,Low
Uganda,2020-04-07,1.0,0.0,48.0,0.0,1.0,0.0,0.0,0.0,0,2020,Low
Uganda,2020-04-08,0.0,0.0,48.0,1.0,0.8571428571428571,-1.0,0.0,0.0,0,2020,Low
Uganda,2020-04-09,0.0,0.0,48.0,0.0,0.7142857142857143,0.0,0.0,0.0,0,2020,Low
Uganda,2020-04-10,0.0,0.0,48.0,0.0,0.7142857142857143,0.0,0.0,1.0,0,2020,Low
Uganda,2020-04-11,1.0,0.0,49.0,0.0,0.2857142857142857,0.0,0.0,0.0,0,2020,Low
Uganda,2020-04-12,0.0,0.0,49.0,1.0,0.2857142857142857,-1.0,0.0,1.0,0,2020,Low
Uganda,2020-04-13,1.0,0.0,50.0,0.0,0.42857142857142855,0.0,0.0,0.0,0,2020,Low
Uganda,2020-04-14,0.0,0.0,50.0,1.0,0.2857142857142857,-1.0,0.0,0.0,0,2020,Low
Uganda,2020-04-15,0.0,0.0,50.0,0.0,0.2857142857142857,0.0,0.0,0.0,0,2020,Low
Uganda,2020-04-16,0.0,0.0,50.0,0.0,0.2857142857142857,0.0,0.0,0.0,0,2020,Low
Uganda,2020-04-17,0.0,0.0,50.0,0.0,0.2857142857142857,0.0,0.0,0.0,0,2020,Low
Uganda,2020-04-18,0.0,0.0,50.0,0.0,0.14285714285714285,0.0,0.0,0.0,0,2020,Low
Uganda,2020-04-19,0.0,0.0,50.0,0.0,0.14285714285714285,0.0,0.0,0.0,0,2020,Low
Uganda,2020-04-20,0.0,0.0,50.0,0.0,0.0,0.0,0.0,0.0,0,2020,Low
Uganda,2020-04-21,0.0,0.0,50.0,0.0,0.0,0.0,0.0,0.0,0,2020,Low
Uganda,2020-04-22,0.0,0.0,50.0,0.0,0.0,0.0,0.0,1.0,0,2020,Low
Uganda,2020-04-23,1.0,0.0,51.0,0.0,0.14285714285714285,0.0,0.0,0.0,0,2020,Low
Uganda,2020-04-24,0.0,0.0,51.0,1.0,0.14285714285714285,-1.0,0.0,0.0,0,2020,Low
Uganda,2020-04-25,0.0,0.0,51.0,0.0,0.14285714285714285,0.0,0.0,0.0,0,2020,Low
Uganda,2020-04-26,0.0,0.0,51.0,0.0,0.14285714285714285,0.0,0.0,0.0,0,2020,Low
Uganda,2020-04-27,0.0,0.0,51.0,0.0,0.14285714285714285,0.0,0.0,1.0,0,2020,Low
Uganda,2020-04-28,1.0,0.0,52.0,0.0,0.2857142857142857,0.0,0.0,0.0,0,2020,Low
Uganda,2020-04-29,0.0,0.0,52.0,1.0,0.2857142857142857,-1.0,0.0,1.0,0,2020,Low
Uganda,2020-04-30,1.0,0.0,53.0,0.0,0.2857142857142857,0.0,0.0,1.0,0,2020,Low
Uganda,2020-05-01,1.0,0.0,54.0,1.0,0.42857142857142855,0.0,0.0,0.0,0,2020,Low
Uganda,2020-05-02,0.0,0.0,54.0,1.0,0.42857142857142855,-1.0,0.0,3.0,0,2020,Low
Uganda,2020-05-03,3.0,0.0,57.0,0.0,0.8571428571428571,0.0,0.0,0.0,0,2020,Low
Uganda,2020-05-04,0.0,0.0,57.0,3.0,0.8571428571428571,-1.0,0.0,0.0,0,2020,Low
Uganda,2020-05-05,0.0,0.0,57.0,0.0,0.7142857142857143,0.0,0.0,0.0,0,2020,Low
Uganda,2020-05-06,0.0,0.0,57.0,0.0,0.7142857142857143,0.0,0.0,3.0,0,2020,Low
Uganda,2020-05-07,3.0,0.0,60.0,0.0,1.0,0.0,0.0,1.0,0,2020,Low
Uganda,2020-05-08,1.0,0.0,61.0,3.0,1.0,-0.6666666666666667,0.0,2.0,0,2020,Low
Uganda,2020-05-09,2.0,0.0,63.0,1.0,1.2857142857142858,1.0,0.0,1.0,0,2020,Low
Uganda,2020-05-10,1.0,0.0,64.0,2.0,1.0,-0.5,0.0,2.0,0,2020,Low
Uganda,2020-05-11,2.0,0.0,66.0,1.0,1.2857142857142858,1.0,0.0,6.0,0,2020,Low
Uganda,2020-05-12,6.0,0.0,72.0,2.0,2.142857142857143,2.0,0.0,5.0,0,2020,Low
Uganda,2020-05-13,5.0,0.0,77.0,6.0,2.857142857142857,-0.16666666666666663,0.0,17.0,0,2020,Low
Uganda,2020-05-14,17.0,0.0,94.0,5.0,4.857142857142857,2.4,0.0,4.0,0,2020,Low
Uganda,2020-05-15,4.0,0.0,98.0,17.0,5.285714285714286,-0.7647058823529411,0.0,21.0,0,2020,Low
Uganda,2020-05-16,21.0,0.0,119.0,4.0,8.0,4.25,0.0,12.0,0,2020,Low
Uganda,2020-05-17,12.0,0.0,131.0,21.0,9.571428571428571,-0.4285714285714286,0.0,4.0,0,2020,Low
Uganda,2020-05-18,4.0,0.0,135.0,12.0,9.857142857142858,-0.6666666666666667,0.0,10.0,0,2020,Low
Uganda,2020-05-19,10.0,0.0,145.0,4.0,10.428571428571429,1.5,0.0,15.0,0,2020,Low
Uganda,2020-05-20,15.0,0.0,160.0,10.0,11.857142857142858,0.5,0.0,13.0,0,2020,Low
Uganda,2020-05-21,13.0,0.0,173.0,15.0,11.285714285714286,-0.1333333333333333,0.0,25.0,0,2020,Low
Uganda,2020-05-22,25.0,0.0,198.0,13.0,14.285714285714286,0.9230769230769231,0.0,14.0,0,2020,Low
Uganda,2020-05-23,14.0,0.0,212.0,25.0,13.285714285714286,-0.43999999999999995,0.0,10.0,0,2020,Low
Uganda,2020-05-24,10.0,0.0,222.0,14.0,13.0,-0.2857142857142857,0.0,31.0,0,2020,Low
Uganda,2020-05-25,31.0,0.0,253.0,10.0,16.857142857142858,2.1,0.0,28.0,0,2020,Low
Uganda,2020-05-26,28.0,0.0,281.0,31.0,19.428571428571427,-0.09677419354838712,0.0,34.0,0,2020,Low
Uganda,2020-05-27,34.0,0.0,315.0,28.0,22.142857142857142,0.2142857142857142,0.0,12.0,0,2020,Low
Uganda,2020-05-28,12.0,0.0,327.0,34.0,22.0,-0.6470588235294117,0.0,83.0,1,2020,Moderate
Uganda,2020-05-29,83.0,0.0,410.0,12.0,30.285714285714285,5.916666666666667,0.0,43.0,0,2020,Low
Uganda,2020-05-30,43.0,0.0,453.0,83.0,34.42857142857143,-0.4819277108433735,0.0,30.0,0,2020,Low
Uganda,2020-05-31,30.0,0.0,483.0,43.0,37.285714285714285,-0.3023255813953488,0.0,17.0,0,2020,Low
Uganda,2020-06-01,17.0,0.0,500.0,30.0,35.285714285714285,-0.43333333333333335,0.0,15.0,0,2020,Low
Uganda,2020-06-02,15.0,0.0,515.0,17.0,33.42857142857143,-0.11764705882352944,0.0,33.0,0,2020,Low
Uganda,2020-06-03,33.0,0.0,548.0,15.0,33.285714285714285,1.2000000000000002,0.0,35.0,0,2020,Low
Uganda,2020-06-04,35.0,0.0,583.0,33.0,36.57142857142857,0.06060606060606055,0.0,23.0,0,2020,Low
Uganda,2020-06-05,23.0,0.0,606.0,35.0,28.0,-0.34285714285714286,0.0,29.0,0,2020,Low
Uganda,2020-06-06,29.0,0.0,635.0,23.0,26.0,0.26086956521739135,0.0,11.0,0,2020,Low
Uganda,2020-06-07,11.0,0.0,646.0,29.0,23.285714285714285,-0.6206896551724138,0.0,8.0,0,2020,Low
Uganda,2020-06-08,8.0,0.0,654.0,11.0,22.0,-0.2727272727272727,0.0,14.0,0,2020,Low
Uganda,2020-06-09,14.0,0.0,668.0,8.0,21.857142857142858,0.75,0.0,7.0,0,2020,Low
Uganda,2020-06-10,7.0,0.0,675.0,14.0,18.142857142857142,-0.5,0.0,8.0,0,2020,Low
Uganda,2020-06-11,8.0,0.0,683.0,7.0,14.285714285714286,0.1428571428571428,0.0,11.0,0,2020,Low
Uganda,2020-06-12,11.0,0.0,694.0,8.0,12.571428571428571,0.375,0.0,9.0,0,2020,Low
Uganda,2020-06-13,9.0,0.0,703.0,11.0,9.714285714285714,-0.18181818181818177,0.0,19.0,0,2020,Low
Uganda,2020-06-14,19.0,0.0,722.0,9.0,10.857142857142858,1.1111111111111112,0.0,8.0,0,2020,Low
Uganda,2020-06-15,8.0,0.0,730.0,19.0,10.857142857142858,-0.5789473684210527,0.0,9.0,0,2020,Low
Uganda,2020-06-16,9.0,0.0,739.0,8.0,10.142857142857142,0.125,0.0,14.0,0,2020,Low
Uganda,2020-06-17,14.0,0.0,753.0,9.0,11.142857142857142,0.5555555555555556,0.0,8.0,0,2020,Low
Uganda,2020-06-18,8.0,0.0,761.0,14.0,11.142857142857142,-0.4285714285714286,0.0,7.0,0,2020,Low
Uganda,2020-06-19,7.0,0.0,768.0,8.0,10.571428571428571,-0.125,0.0,4.0,0,2020,Low
Uganda,2020-06-20,4.0,0.0,772.0,7.0,9.857142857142858,-0.4285714285714286,0.0,23.0,0,2020,Low
Uganda,2020-06-21,23.0,0.0,795.0,4.0,10.428571428571429,4.75,0.0,8.0,0,2020,Low
Uganda,2020-06-22,8.0,0.0,803.0,23.0,10.428571428571429,-0.6521739130434783,0.0,16.0,0,2020,Low
Uganda,2020-06-23,16.0,0.0,819.0,8.0,11.428571428571429,1.0,0.0,12.0,0,2020,Low
Uganda,2020-06-24,12.0,0.0,831.0,16.0,11.142857142857142,-0.25,0.0,15.0,0,2020,Low
Uganda,2020-06-25,15.0,0.0,846.0,12.0,12.142857142857142,0.25,0.0,11.0,0,2020,Low
Uganda,2020-06-26,11.0,0.0,857.0,15.0,12.714285714285714,-0.2666666666666667,0.0,11.0,0,2020,Low
Uganda,2020-06-27,11.0,0.0,868.0,11.0,13.714285714285714,0.0,0.0,19.0,0,2020,Low
Uganda,2020-06-28,19.0,0.0,887.0,11.0,13.142857142857142,0.7272727272727273,0.0,4.0,0,2020,Low
Uganda,2020-06-29,4.0,0.0,891.0,19.0,12.571428571428571,-0.7894736842105263,0.0,9.0,0,2020,Low
Uganda,2020-06-30,9.0,0.0,900.0,4.0,11.571428571428571,1.25,0.0,9.0,0,2020,Low
Uganda,2020-07-01,9.0,0.0,909.0,9.0,11.142857142857142,0.0,0.0,16.0,0,2020,Low
Uganda,2020-07-02,16.0,0.0,925.0,9.0,11.285714285714286,0.7777777777777777,0.0,12.0,0,2020,Low
Uganda,2020-07-03,12.0,0.0,937.0,16.0,11.428571428571429,-0.25,0.0,14.0,0,2020,Low
Uganda,2020-07-04,14.0,0.0,951.0,12.0,11.857142857142858,0.16666666666666674,0.0,18.0,0,2020,Low
Uganda,2020-07-05,18.0,0.0,969.0,14.0,11.714285714285714,0.2857142857142858,0.0,6.0,0,2020,Low
Uganda,2020-07-06,6.0,0.0,975.0,18.0,12.0,-0.6666666666666667,0.0,23.0,0,2020,Low
Uganda,2020-07-07,23.0,0.0,998.0,6.0,14.0,2.8333333333333335,0.0,6.0,0,2020,Low
Uganda,2020-07-08,6.0,0.0,1004.0,23.0,13.571428571428571,-0.7391304347826086,0.0,7.0,0,2020,Low
Uganda,2020-07-09,7.0,0.0,1011.0,6.0,12.285714285714286,0.16666666666666674,0.0,12.0,0,2020,Low
Uganda,2020-07-10,12.0,0.0,1023.0,7.0,12.285714285714286,0.7142857142857142,0.0,4.0,0,2020,Low
Uganda,2020-07-11,4.0,0.0,1027.0,12.0,10.857142857142858,-0.6666666666666667,0.0,11.0,0,2020,Low
Uganda,2020-07-12,11.0,0.0,1038.0,4.0,9.857142857142858,1.75,0.0,3.0,0,2020,Low
Uganda,2020-07-13,3.0,0.0,1041.0,11.0,9.428571428571429,-0.7272727272727273,0.0,8.0,0,2020,Low
Uganda,2020-07-14,8.0,0.0,1049.0,3.0,7.285714285714286,1.6666666666666665,0.0,5.0,0,2020,Low
Uganda,2020-07-15,5.0,0.0,1054.0,8.0,7.142857142857143,-0.375,0.0,6.0,0,2020,Low
Uganda,2020-07-16,6.0,0.0,1060.0,5.0,7.0,0.19999999999999996,0.0,3.0,0,2020,Low
Uganda,2020-07-17,3.0,0.0,1063.0,6.0,5.714285714285714,-0.5,0.0,4.0,0,2020,Low
Uganda,2020-07-18,4.0,0.0,1067.0,3.0,5.714285714285714,0.33333333333333326,0.0,3.0,0,2020,Low
Uganda,2020-07-19,3.0,0.0,1070.0,4.0,4.571428571428571,-0.25,0.0,3.0,0,2020,Low
Uganda,2020-07-20,3.0,0.0,1073.0,3.0,4.571428571428571,0.0,0.0,4.0,0,2020,Low
Uganda,2020-07-21,4.0,0.0,1077.0,3.0,4.0,0.33333333333333326,0.0,12.0,0,2020,Low
Uganda,2020-07-22,12.0,0.0,1089.0,4.0,5.0,2.0,0.0,14.0,0,2020,Low
Uganda,2020-07-23,14.0,1.0,1103.0,12.0,6.142857142857143,0.16666666666666674,0.06666666666666667,12.0,0,2020,Low
Uganda,2020-07-24,12.0,0.0,1115.0,14.0,7.428571428571429,-0.1428571428571429,0.0,13.0,0,2020,Low
Uganda,2020-07-25,13.0,0.0,1128.0,12.0,8.714285714285714,0.08333333333333326,0.0,7.0,0,2020,Low
Uganda,2020-07-26,7.0,0.0,1135.0,13.0,9.285714285714286,-0.46153846153846156,0.0,5.0,0,2020,Low
Uganda,2020-07-27,5.0,0.0,1140.0,7.0,9.571428571428571,-0.2857142857142857,0.0,7.0,0,2020,Low
Uganda,2020-07-28,7.0,1.0,1147.0,5.0,10.0,0.3999999999999999,0.125,7.0,0,2020,Low
Uganda,2020-07-29,7.0,0.0,1154.0,7.0,9.285714285714286,0.0,0.0,22.0,0,2020,Low
Uganda,2020-07-30,22.0,1.0,1176.0,7.0,10.428571428571429,2.142857142857143,0.043478260869565216,6.0,0,2020,Low
Uganda,2020-07-31,6.0,0.0,1182.0,22.0,9.571428571428571,-0.7272727272727273,0.0,13.0,0,2020,Low
Uganda,2020-08-01,13.0,1.0,1195.0,6.0,9.571428571428571,1.1666666666666665,0.07142857142857142,8.0,0,2020,Low
Uganda,2020-08-02,8.0,0.0,1203.0,13.0,9.714285714285714,-0.3846153846153846,0.0,10.0,0,2020,Low
Uganda,2020-08-03,10.0,0.0,1213.0,8.0,10.428571428571429,0.25,0.0,10.0,0,2020,Low
Uganda,2020-08-04,10.0,0.0,1223.0,10.0,10.857142857142858,0.0,0.0,31.0,0,2020,Low
Uganda,2020-08-05,31.0,1.0,1254.0,10.0,14.285714285714286,2.1,0.03125,13.0,0,2020,Low
Uganda,2020-08-06,13.0,0.0,1267.0,31.0,13.0,-0.5806451612903225,0.0,16.0,0,2020,Low
Uganda,2020-08-07,16.0,1.0,1283.0,13.0,14.428571428571429,0.23076923076923084,0.058823529411764705,14.0,0,2020,Low
Uganda,2020-08-08,14.0,4.0,1297.0,16.0,14.571428571428571,-0.125,0.26666666666666666,16.0,0,2020,Low
Uganda,2020-08-09,16.0,1.0,1313.0,14.0,15.714285714285714,0.1428571428571428,0.058823529411764705,19.0,0,2020,Low
Uganda,2020-08-10,19.0,1.0,1332.0,16.0,17.0,0.1875,0.05,21.0,0,2020,Low
Uganda,2020-08-11,21.0,2.0,1353.0,19.0,18.571428571428573,0.10526315789473695,0.09090909090909091,32.0,0,2020,Low
Uganda,2020-08-12,32.0,1.0,1385.0,21.0,18.714285714285715,0.5238095238095237,0.030303030303030304,49.0,0,2020,Low
Uganda,2020-08-13,49.0,1.0,1434.0,32.0,23.857142857142858,0.53125,0.02,66.0,1,2020,Moderate
Uganda,2020-08-14,66.0,1.0,1500.0,49.0,31.0,0.346938775510204,0.014925373134328358,60.0,1,2020,Moderate
Uganda,2020-08-15,60.0,0.0,1560.0,66.0,37.57142857142857,-0.09090909090909094,0.0,43.0,0,2020,Low
Uganda,2020-08-16,43.0,2.0,1603.0,60.0,41.42857142857143,-0.2833333333333333,0.045454545454545456,53.0,1,2020,Moderate
Uganda,2020-08-17,53.0,1.0,1656.0,43.0,46.285714285714285,0.2325581395348837,0.018518518518518517,94.0,1,2020,Moderate
Uganda,2020-08-18,94.0,2.0,1750.0,53.0,56.714285714285715,0.7735849056603774,0.021052631578947368,98.0,1,2020,Moderate
Uganda,2020-08-19,98.0,1.0,1848.0,94.0,66.14285714285714,0.042553191489361764,0.010101010101010102,318.0,2,2020,High
Uganda,2020-08-20,318.0,1.0,2166.0,98.0,104.57142857142857,2.2448979591836733,0.003134796238244514,97.0,1,2020,Moderate
Uganda,2020-08-21,97.0,0.0,2263.0,318.0,109.0,-0.6949685534591195,0.0,99.0,1,2020,Moderate
Uganda,2020-08-22,99.0,2.0,2362.0,97.0,114.57142857142857,0.020618556701030855,0.02,64.0,1,2020,Moderate
Uganda,2020-08-23,64.0,2.0,2426.0,99.0,117.57142857142857,-0.3535353535353535,0.03076923076923077,98.0,1,2020,Moderate
Uganda,2020-08-24,98.0,0.0,2524.0,64.0,124.0,0.53125,0.0,155.0,1,2020,Moderate
Uganda,2020-08-25,155.0,2.0,2679.0,98.0,132.71428571428572,0.5816326530612246,0.01282051282051282,77.0,1,2020,Moderate
Uganda,2020-08-26,77.0,2.0,2756.0,155.0,129.71428571428572,-0.5032258064516129,0.02564102564102564,91.0,1,2020,Moderate
Uganda,2020-08-27,91.0,1.0,2847.0,77.0,97.28571428571429,0.18181818181818188,0.010869565217391304,81.0,1,2020,Moderate
Uganda,2020-08-28,81.0,2.0,2928.0,91.0,95.0,-0.10989010989010994,0.024390243902439025,44.0,0,2020,Low
Uganda,2020-08-29,44.0,0.0,2972.0,81.0,87.14285714285714,-0.45679012345679015,0.0,64.0,1,2020,Moderate
Uganda,2020-08-30,64.0,1.0,3036.0,44.0,87.14285714285714,0.4545454545454546,0.015384615384615385,76.0,1,2020,Moderate
Uganda,2020-08-31,76.0,1.0,3112.0,64.0,84.0,0.1875,0.012987012987012988,176.0,1,2020,Moderate
Uganda,2020-09-01,176.0,1.0,3288.0,76.0,87.0,1.3157894736842106,0.005649717514124294,65.0,1,2020,Moderate
Uganda,2020-09-02,65.0,5.0,3353.0,176.0,85.28571428571429,-0.6306818181818181,0.07575757575757576,186.0,1,2020,Moderate
Uganda,2020-09-03,186.0,4.0,3539.0,65.0,98.85714285714286,1.8615384615384616,0.0213903743315508,128.0,1,2020,Moderate
Uganda,2020-09-04,128.0,3.0,3667.0,186.0,105.57142857142857,-0.31182795698924726,0.023255813953488372,109.0,1,2020,Moderate
Uganda,2020-09-05,109.0,1.0,3776.0,128.0,114.85714285714286,-0.1484375,0.00909090909090909,124.0,1,2020,Moderate
Uganda,2020-09-06,124.0,2.0,3900.0,109.0,123.42857142857143,0.13761467889908263,0.016,201.0,2,2020,High
Uganda,2020-09-07,201.0,2.0,4101.0,124.0,141.28571428571428,0.6209677419354838,0.009900990099009901,190.0,1,2020,Moderate
Uganda,2020-09-08,190.0,1.0,4291.0,201.0,143.28571428571428,-0.05472636815920395,0.005235602094240838,86.0,1,2020,Moderate
Uganda,2020-09-09,86.0,1.0,4377.0,190.0,146.28571428571428,-0.5473684210526315,0.011494252873563218,326.0,2,2020,High
Uganda,2020-09-10,326.0,3.0,4703.0,86.0,166.28571428571428,2.7906976744186047,0.009174311926605505,96.0,1,2020,Moderate
Uganda,2020-09-11,96.0,1.0,4799.0,326.0,161.71428571428572,-0.705521472392638,0.010309278350515464,179.0,1,2020,Moderate
Uganda,2020-09-12,179.0,6.0,4978.0,96.0,171.71428571428572,0.8645833333333333,0.03333333333333333,145.0,1,2020,Moderate
Uganda,2020-09-13,145.0,4.0,5123.0,179.0,174.71428571428572,-0.1899441340782123,0.0273972602739726,143.0,1,2020,Moderate
Uganda,2020-09-14,143.0,0.0,5266.0,145.0,166.42857142857142,-0.01379310344827589,0.0,114.0,1,2020,Moderate
Uganda,2020-09-15,114.0,1.0,5380.0,143.0,155.57142857142858,-0.2027972027972028,0.008695652173913044,214.0,2,2020,High
Uganda,2020-09-16,214.0,0.0,5594.0,114.0,173.85714285714286,0.8771929824561404,0.0,423.0,2,2020,High
Uganda,2020-09-17,423.0,1.0,6017.0,214.0,187.71428571428572,0.9766355140186915,0.0023584905660377358,270.0,2,2020,High
Uganda,2020-09-18,270.0,1.0,6287.0,423.0,212.57142857142858,-0.36170212765957444,0.0036900369003690036,181.0,1,2020,Moderate
Uganda,2020-09-19,181.0,2.0,6468.0,270.0,212.85714285714286,-0.3296296296296296,0.01098901098901099,244.0,2,2020,High
Uganda,2020-09-20,244.0,3.0,6712.0,181.0,227.0,0.34806629834254155,0.012244897959183673,167.0,1,2020,Moderate
Uganda,2020-09-21,167.0,1.0,6879.0,244.0,230.42857142857142,-0.31557377049180324,0.005952380952380952,185.0,1,2020,Moderate
Uganda,2020-09-22,185.0,1.0,7064.0,167.0,240.57142857142858,0.10778443113772451,0.005376344086021506,154.0,1,2020,Moderate
Uganda,2020-09-23,154.0,0.0,7218.0,185.0,232.0,-0.16756756756756752,0.0,146.0,1,2020,Moderate
Uganda,2020-09-24,146.0,1.0,7364.0,154.0,192.42857142857142,-0.051948051948051965,0.006802721088435374,166.0,1,2020,Moderate
Uganda,2020-09-25,166.0,0.0,7530.0,146.0,177.57142857142858,0.13698630136986312,0.0,247.0,2,2020,High
Uganda,2020-09-26,247.0,1.0,7777.0,166.0,187.0,0.48795180722891573,0.004032258064516129,240.0,2,2020,High
Uganda,2020-09-27,240.0,0.0,8017.0,247.0,186.42857142857142,-0.028340080971659964,0.0,112.0,1,2020,Moderate
Uganda,2020-09-28,112.0,0.0,8129.0,240.0,178.57142857142858,-0.5333333333333333,0.0,158.0,1,2020,Moderate
Uganda,2020-09-29,158.0,2.0,8287.0,112.0,174.71428571428572,0.4107142857142858,0.012578616352201259,204.0,2,2020,High
Uganda,2020-09-30,204.0,5.0,8491.0,158.0,181.85714285714286,0.2911392405063291,0.024390243902439025,171.0,1,2020,Moderate
Uganda,2020-10-01,171.0,4.0,8662.0,204.0,185.42857142857142,-0.16176470588235292,0.023255813953488372,146.0,1,2020,Moderate
Uganda,2020-10-02,146.0,3.0,8808.0,171.0,182.57142857142858,-0.14619883040935677,0.02040816326530612,157.0,1,2020,Moderate
Uganda,2020-10-03,157.0,1.0,8965.0,146.0,169.71428571428572,0.07534246575342474,0.006329113924050633,117.0,1,2020,Moderate
Uganda,2020-10-04,117.0,0.0,9082.0,157.0,152.14285714285714,-0.2547770700636943,0.0,178.0,1,2020,Moderate
Uganda,2020-10-05,178.0,1.0,9260.0,117.0,161.57142857142858,0.5213675213675213,0.00558659217877095,182.0,1,2020,Moderate
Uganda,2020-10-06,182.0,1.0,9442.0,178.0,165.0,0.022471910112359605,0.00546448087431694,96.0,1,2020,Moderate
Uganda,2020-10-07,96.0,5.0,9538.0,182.0,149.57142857142858,-0.4725274725274725,0.05154639175257732,163.0,1,2020,Moderate
Uganda,2020-10-08,163.0,2.0,9701.0,96.0,148.42857142857142,0.6979166666666667,0.012195121951219513,100.0,1,2020,Moderate
Uganda,2020-10-09,100.0,2.0,9801.0,163.0,141.85714285714286,-0.38650306748466257,0.019801980198019802,63.0,1,2020,Moderate
Uganda,2020-10-10,63.0,1.0,9864.0,100.0,128.42857142857142,-0.37,0.015625,81.0,1,2020,Moderate
Uganda,2020-10-11,81.0,0.0,9945.0,63.0,123.28571428571429,0.2857142857142858,0.0,124.0,1,2020,Moderate
Uganda,2020-10-12,124.0,1.0,10069.0,81.0,115.57142857142857,0.5308641975308641,0.008,48.0,0,2020,Low
Uganda,2020-10-13,48.0,0.0,10117.0,124.0,96.42857142857143,-0.6129032258064516,0.0,217.0,2,2020,High
Uganda,2020-10-14,217.0,0.0,10334.0,48.0,113.71428571428571,3.520833333333333,0.0,121.0,1,2020,Moderate
Uganda,2020-10-15,121.0,4.0,10455.0,217.0,107.71428571428571,-0.44239631336405527,0.03278688524590164,135.0,1,2020,Moderate
Uganda,2020-10-16,135.0,2.0,10590.0,121.0,112.71428571428571,0.11570247933884303,0.014705882352941176,101.0,1,2020,Moderate
Uganda,2020-10-17,101.0,1.0,10691.0,135.0,118.14285714285714,-0.2518518518518519,0.00980392156862745,97.0,1,2020,Moderate
Uganda,2020-10-18,97.0,1.0,10788.0,101.0,120.42857142857143,-0.03960396039603964,0.01020408163265306,145.0,1,2020,Moderate
Uganda,2020-10-19,145.0,0.0,10933.0,97.0,123.42857142857143,0.4948453608247423,0.0,108.0,1,2020,Moderate
Uganda,2020-10-20,108.0,2.0,11041.0,145.0,132.0,-0.2551724137931034,0.01834862385321101,122.0,1,2020,Moderate
Uganda,2020-10-21,122.0,3.0,11163.0,108.0,118.42857142857143,0.12962962962962954,0.024390243902439025,134.0,1,2020,Moderate
Uganda,2020-10-22,134.0,3.0,11297.0,122.0,120.28571428571429,0.09836065573770503,0.022222222222222223,146.0,1,2020,Moderate
Uganda,2020-10-23,146.0,1.0,11443.0,134.0,121.85714285714286,0.08955223880597019,0.006802721088435374,114.0,1,2020,Moderate
Uganda,2020-10-24,114.0,2.0,11557.0,146.0,123.71428571428571,-0.2191780821917808,0.017391304347826087,64.0,1,2020,Moderate
Uganda,2020-10-25,64.0,1.0,11621.0,114.0,119.0,-0.4385964912280702,0.015384615384615385,146.0,1,2020,Moderate
Uganda,2020-10-26,146.0,3.0,11767.0,64.0,119.14285714285714,1.28125,0.02040816326530612,434.0,2,2020,High
Uganda,2020-10-27,434.0,2.0,12201.0,146.0,165.71428571428572,1.9726027397260273,0.004597701149425287,209.0,2,2020,High
Uganda,2020-10-28,209.0,0.0,12410.0,434.0,178.14285714285714,-0.5184331797235022,0.0,85.0,1,2020,Moderate
Uganda,2020-10-29,85.0,1.0,12495.0,209.0,171.14285714285714,-0.5933014354066986,0.011627906976744186,248.0,2,2020,High
Uganda,2020-10-30,248.0,2.0,12743.0,85.0,185.71428571428572,1.9176470588235293,0.008032128514056224,228.0,2,2020,High
Uganda,2020-10-31,228.0,1.0,12971.0,248.0,202.0,-0.08064516129032262,0.004366812227074236,128.0,1,2020,Moderate
Uganda,2020-11-01,128.0,4.0,13099.0,228.0,211.14285714285714,-0.4385964912280702,0.031007751937984496,252.0,2,2020,High
Uganda,2020-11-02,252.0,7.0,13351.0,128.0,226.28571428571428,0.96875,0.02766798418972332,217.0,2,2020,High
Uganda,2020-11-03,217.0,5.0,13568.0,252.0,195.28571428571428,-0.13888888888888884,0.022935779816513763,284.0,2,2020,High
Uganda,2020-11-04,284.0,4.0,13852.0,217.0,206.0,0.3087557603686637,0.014035087719298246,214.0,2,2020,High
Uganda,2020-11-05,214.0,3.0,14066.0,284.0,224.42857142857142,-0.24647887323943662,0.013953488372093023,339.0,2,2020,High
Uganda,2020-11-06,339.0,3.0,14405.0,214.0,237.42857142857142,0.5841121495327102,0.008823529411764706,170.0,1,2020,Moderate
Uganda,2020-11-07,170.0,2.0,14575.0,339.0,229.14285714285714,-0.4985250737463127,0.011695906432748537,129.0,1,2020,Moderate
Uganda,2020-11-08,129.0,1.0,14704.0,170.0,229.28571428571428,-0.24117647058823533,0.007692307692307693,289.0,2,2020,High
Uganda,2020-11-09,289.0,1.0,14993.0,129.0,234.57142857142858,1.2403100775193798,0.0034482758620689655,224.0,2,2020,High
Uganda,2020-11-10,224.0,4.0,15217.0,289.0,235.57142857142858,-0.22491349480968859,0.017777777777777778,185.0,1,2020,Moderate
Uganda,2020-11-11,185.0,2.0,15402.0,224.0,221.42857142857142,-0.1741071428571429,0.010752688172043012,387.0,2,2020,High
Uganda,2020-11-12,387.0,3.0,15789.0,185.0,246.14285714285714,1.0918918918918918,0.007731958762886598,231.0,2,2020,High
Uganda,2020-11-13,231.0,0.0,16020.0,387.0,230.71428571428572,-0.4031007751937985,0.0,238.0,2,2020,High
Uganda,2020-11-14,238.0,1.0,16258.0,231.0,240.42857142857142,0.030303030303030276,0.0041841004184100415,306.0,2,2020,High
Uganda,2020-11-15,306.0,3.0,16564.0,238.0,265.7142857142857,0.2857142857142858,0.009771986970684038,342.0,2,2020,High
Uganda,2020-11-16,342.0,5.0,16906.0,306.0,273.2857142857143,0.11764705882352944,0.014577259475218658,243.0,2,2020,High
Uganda,2020-11-17,243.0,3.0,17149.0,342.0,276.0,-0.2894736842105263,0.012295081967213115,283.0,2,2020,High
Uganda,2020-11-18,283.0,5.0,17432.0,243.0,290.0,0.1646090534979423,0.017605633802816902,236.0,2,2020,High
Uganda,2020-11-19,236.0,2.0,17668.0,283.0,268.42857142857144,-0.16607773851590102,0.008438818565400843,301.0,2,2020,High
Uganda,2020-11-20,301.0,4.0,17969.0,236.0,278.42857142857144,0.27542372881355925,0.013245033112582781,197.0,1,2020,Moderate
Uganda,2020-11-21,197.0,1.0,18166.0,301.0,272.57142857142856,-0.345514950166113,0.005050505050505051,241.0,2,2020,High
Uganda,2020-11-22,241.0,7.0,18407.0,197.0,263.2857142857143,0.2233502538071066,0.028925619834710745,484.0,2,2020,High
Uganda,2020-11-23,484.0,2.0,18891.0,241.0,283.57142857142856,1.008298755186722,0.004123711340206186,225.0,2,2020,High
Uganda,2020-11-24,225.0,3.0,19116.0,484.0,281.0,-0.5351239669421488,0.01327433628318584,474.0,2,2020,High
Uganda,2020-11-25,474.0,3.0,19590.0,225.0,308.2857142857143,1.1066666666666665,0.00631578947368421,355.0,2,2020,High
Uganda,2020-11-26,355.0,4.0,19945.0,474.0,325.2857142857143,-0.25105485232067515,0.011235955056179775,202.0,2,2020,High
Uganda,2020-11-27,202.0,3.0,20147.0,355.0,311.14285714285717,-0.4309859154929577,0.014778325123152709,313.0,2,2020,High
Uganda,2020-11-28,313.0,5.0,20460.0,202.0,327.7142857142857,0.5495049504950495,0.01592356687898089,576.0,3,2020,Critical
Uganda,2020-11-29,576.0,5.0,21036.0,313.0,375.57142857142856,0.840255591054313,0.008665511265164644,374.0,2,2020,High
Uganda,2020-11-30,374.0,1.0,21410.0,576.0,359.85714285714283,-0.3506944444444444,0.0026666666666666666,203.0,2,2020,High
Uganda,2020-12-01,203.0,1.0,21613.0,374.0,356.7142857142857,-0.45721925133689845,0.004901960784313725,283.0,2,2020,High
Uganda,2020-12-02,283.0,1.0,21896.0,203.0,329.42857142857144,0.3940886699507389,0.0035211267605633804,289.0,2,2020,High
Uganda,2020-12-03,289.0,1.0,22185.0,283.0,320.0,0.021201413427561766,0.0034482758620689655,316.0,2,2020,High
Uganda,2020-12-04,316.0,1.0,22501.0,289.0,336.2857142857143,0.09342560553633228,0.0031545741324921135,704.0,3,2020,Critical
Uganda,2020-12-05,704.0,4.0,23205.0,316.0,392.14285714285717,1.2278481012658227,0.005673758865248227,661.0,3,2020,Critical
Uganda,2020-12-06,661.0,0.0,23866.0,704.0,404.2857142857143,-0.061079545454545414,0.0,1197.0,3,2020,Critical
Uganda,2020-12-07,1197.0,4.0,25063.0,661.0,521.8571428571429,0.8108925869894099,0.00333889816360601,671.0,3,2020,Critical
Uganda,2020-12-08,671.0,1.0,25734.0,1197.0,588.7142857142857,-0.4394319131161236,0.001488095238095238,638.0,3,2020,Critical
Uganda,2020-12-09,638.0,1.0,26372.0,671.0,639.4285714285714,-0.049180327868852514,0.001564945226917058,702.0,3,2020,Critical
Uganda,2020-12-10,702.0,1.0,27074.0,638.0,698.4285714285714,0.10031347962382453,0.001422475106685633,461.0,2,2020,High
Uganda,2020-12-11,461.0,6.0,27535.0,702.0,719.1428571428571,-0.34330484330484334,0.012987012987012988,234.0,2,2020,High
Uganda,2020-12-12,234.0,0.0,27769.0,461.0,652.0,-0.4924078091106291,0.0,403.0,2,2020,High
Uganda,2020-12-13,403.0,1.0,28172.0,234.0,615.1428571428571,0.7222222222222223,0.0024752475247524753,565.0,3,2020,Critical
Uganda,2020-12-14,565.0,4.0,28737.0,403.0,524.8571428571429,0.40198511166253104,0.007067137809187279,628.0,3,2020,Critical
Uganda,2020-12-15,628.0,3.0,29365.0,565.0,518.7142857142857,0.1115044247787611,0.0047694753577106515,709.0,3,2020,Critical
Uganda,2020-12-16,709.0,2.0,30074.0,628.0,528.8571428571429,0.12898089171974525,0.0028169014084507044,631.0,3,2020,Critical
Uganda,2020-12-17,631.0,2.0,30705.0,709.0,518.7142857142857,-0.11001410437235548,0.0031645569620253164,486.0,2,2020,High
Uganda,2020-12-18,486.0,7.0,31191.0,631.0,522.2857142857143,-0.22979397781299526,0.014373716632443531,197.0,1,2020,Moderate
Uganda,2020-12-19,197.0,4.0,31388.0,486.0,517.0,-0.5946502057613169,0.020202020202020204,526.0,3,2020,Critical
Uganda,2020-12-20,526.0,0.0,31914.0,197.0,534.5714285714286,1.6700507614213196,0.0,489.0,2,2020,High
Uganda,2020-12-21,489.0,2.0,32403.0,526.0,523.7142857142857,-0.07034220532319391,0.004081632653061225,515.0,3,2020,Critical
Uganda,2020-12-22,515.0,5.0,32918.0,489.0,507.57142857142856,0.053169734151329306,0.009689922480620155,446.0,2,2020,High
Uganda,2020-12-23,446.0,2.0,33364.0,515.0,470.0,-0.1339805825242718,0.0044742729306487695,203.0,2,2020,High
Uganda,2020-12-24,203.0,6.0,33567.0,446.0,408.85714285714283,-0.5448430493273543,0.029411764705882353,248.0,2,2020,High
Uganda,2020-12-25,248.0,2.0,33815.0,203.0,374.85714285714283,0.2216748768472907,0.008032128514056224,162.0,1,2020,Moderate
Uganda,2020-12-26,162.0,1.0,33977.0,248.0,369.85714285714283,-0.3467741935483871,0.006134969325153374,308.0,2,2020,High
Uganda,2020-12-27,308.0,1.0,34285.0,162.0,338.7142857142857,0.9012345679012346,0.003236245954692557,396.0,2,2020,High
Uganda,2020-12-28,396.0,3.0,34681.0,308.0,325.42857142857144,0.2857142857142858,0.007556675062972292,539.0,3,2020,Critical
Uganda,2020-12-29,539.0,1.0,35220.0,396.0,328.85714285714283,0.36111111111111116,0.001851851851851852,291.0,2,2020,High
Uganda,2020-12-30,291.0,1.0,35511.0,539.0,306.7142857142857,-0.4601113172541744,0.003424657534246575,201.0,2,2020,High
Uganda,2020-12-31,201.0,0.0,35712.0,291.0,306.42857142857144,-0.30927835051546393,0.0,210.0,2,2020,High
Uganda,2021-01-01,210.0,0.0,35922.0,201.0,301.0,0.04477611940298498,0.0,128.0,1,2021,Moderate
Uganda,2021-01-02,128.0,0.0,36050.0,210.0,296.14285714285717,-0.3904761904761904,0.0,357.0,2,2021,High
Uganda,2021-01-03,357.0,1.0,36407.0,128.0,303.14285714285717,1.7890625,0.002793296089385475,295.0,2,2021,High
Uganda,2021-01-04,295.0,1.0,36702.0,357.0,288.7142857142857,-0.1736694677871149,0.0033783783783783786,372.0,2,2021,High
Uganda,2021-01-05,372.0,2.0,37074.0,295.0,264.85714285714283,0.2610169491525425,0.005361930294906166,222.0,2,2021,High
Uganda,2021-01-06,222.0,1.0,37296.0,372.0,255.0,-0.4032258064516129,0.004484304932735426,258.0,2,2021,High
Uganda,2021-01-07,258.0,0.0,37554.0,222.0,263.14285714285717,0.16216216216216206,0.0,188.0,1,2021,Moderate
Uganda,2021-01-08,188.0,1.0,37742.0,258.0,260.0,-0.2713178294573644,0.005291005291005291,66.0,1,2021,Moderate
Uganda,2021-01-09,66.0,2.0,37808.0,188.0,251.14285714285714,-0.648936170212766,0.029850746268656716,140.0,1,2021,Moderate
Uganda,2021-01-10,140.0,1.0,37948.0,66.0,220.14285714285714,1.121212121212121,0.0070921985815602835,136.0,1,2021,Moderate
Uganda,2021-01-11,136.0,0.0,38084.0,140.0,197.42857142857142,-0.02857142857142858,0.0,204.0,2,2021,High
Uganda,2021-01-12,204.0,0.0,38288.0,136.0,173.42857142857142,0.5,0.0,84.0,1,2021,Moderate
Uganda,2021-01-13,84.0,0.0,38372.0,204.0,153.71428571428572,-0.5882352941176471,0.0,19.0,0,2021,Low
Uganda,2021-01-14,19.0,0.0,38391.0,84.0,119.57142857142857,-0.7738095238095238,0.0,28.0,0,2021,Low
Uganda,2021-01-15,28.0,1.0,38419.0,19.0,96.71428571428571,0.4736842105263157,0.034482758620689655,45.0,0,2021,Low
Uganda,2021-01-16,45.0,0.0,38464.0,28.0,93.71428571428571,0.6071428571428572,0.0,70.0,1,2021,Moderate
Uganda,2021-01-17,70.0,1.0,38534.0,45.0,83.71428571428571,0.5555555555555556,0.014084507042253521,94.0,1,2021,Moderate
Uganda,2021-01-18,94.0,1.0,38628.0,70.0,77.71428571428571,0.34285714285714275,0.010526315789473684,178.0,1,2021,Moderate
Uganda,2021-01-19,178.0,1.0,38806.0,94.0,74.0,0.8936170212765957,0.00558659217877095,129.0,1,2021,Moderate
Uganda,2021-01-20,129.0,1.0,38935.0,178.0,80.42857142857143,-0.2752808988764045,0.007692307692307693,109.0,1,2021,Moderate
Uganda,2021-01-21,109.0,0.0,39044.0,129.0,93.28571428571429,-0.15503875968992253,0.0,105.0,1,2021,Moderate
Uganda,2021-01-22,105.0,0.0,39149.0,109.0,104.28571428571429,-0.03669724770642202,0.0,39.0,0,2021,Low
Uganda,2021-01-23,39.0,1.0,39188.0,105.0,103.42857142857143,-0.6285714285714286,0.025,73.0,1,2021,Moderate
Uganda,2021-01-24,73.0,0.0,39261.0,39.0,103.85714285714286,0.8717948717948718,0.0,52.0,1,2021,Moderate
Uganda,2021-01-25,52.0,0.0,39313.0,73.0,97.85714285714286,-0.28767123287671237,0.0,111.0,1,2021,Moderate
Uganda,2021-01-26,111.0,0.0,39424.0,52.0,88.28571428571429,1.1346153846153846,0.0,66.0,1,2021,Moderate
Uganda,2021-01-27,66.0,0.0,39490.0,111.0,79.28571428571429,-0.4054054054054054,0.0,43.0,0,2021,Low
Uganda,2021-01-28,43.0,0.0,39533.0,66.0,69.85714285714286,-0.3484848484848485,0.0,46.0,0,2021,Low
Uganda,2021-01-29,46.0,1.0,39579.0,43.0,61.42857142857143,0.06976744186046502,0.02127659574468085,27.0,0,2021,Low
Uganda,2021-01-30,27.0,0.0,39606.0,46.0,59.714285714285715,-0.4130434782608695,0.0,45.0,0,2021,Low
Uganda,2021-01-31,45.0,2.0,39651.0,27.0,55.714285714285715,0.6666666666666667,0.043478260869565216,34.0,0,2021,Low
Uganda,2021-02-01,34.0,1.0,39685.0,45.0,53.142857142857146,-0.24444444444444446,0.02857142857142857,50.0,0,2021,Low
Uganda,2021-02-02,50.0,0.0,39735.0,34.0,44.42857142857143,0.47058823529411775,0.0,54.0,1,2021,Moderate
Uganda,2021-02-03,54.0,0.0,39789.0,50.0,42.714285714285715,0.08000000000000007,0.0,32.0,0,2021,Low
Uganda,2021-02-04,32.0,0.0,39821.0,54.0,41.142857142857146,-0.40740740740740744,0.0,27.0,0,2021,Low
Uganda,2021-02-05,27.0,0.0,39848.0,32.0,38.42857142857143,-0.15625,0.0,12.0,0,2021,Low
Uganda,2021-02-06,12.0,1.0,39860.0,27.0,36.285714285714285,-0.5555555555555556,0.07692307692307693,23.0,0,2021,Low
Uganda,2021-02-07,23.0,0.0,39883.0,12.0,33.142857142857146,0.9166666666666667,0.0,28.0,0,2021,Low
Uganda,2021-02-08,28.0,0.0,39911.0,23.0,32.285714285714285,0.21739130434782616,0.0,32.0,0,2021,Low
Uganda,2021-02-09,32.0,0.0,39943.0,28.0,29.714285714285715,0.1428571428571428,0.0,37.0,0,2021,Low
Uganda,2021-02-10,37.0,0.0,39980.0,32.0,27.285714285714285,0.15625,0.0,40.0,0,2021,Low
Uganda,2021-02-11,40.0,0.0,40020.0,37.0,28.428571428571427,0.08108108108108114,0.0,36.0,0,2021,Low
Uganda,2021-02-12,36.0,1.0,40056.0,40.0,29.714285714285715,-0.09999999999999998,0.02702702702702703,8.0,0,2021,Low
Uganda,2021-02-13,8.0,1.0,40064.0,36.0,29.142857142857142,-0.7777777777777778,0.1111111111111111,26.0,0,2021,Low
Uganda,2021-02-14,26.0,1.0,40090.0,8.0,29.571428571428573,2.25,0.037037037037037035,12.0,0,2021,Low
Uganda,2021-02-15,12.0,1.0,40102.0,26.0,27.285714285714285,-0.5384615384615384,0.07692307692307693,52.0,1,2021,Moderate
Uganda,2021-02-16,52.0,1.0,40154.0,12.0,30.142857142857142,3.333333333333333,0.018867924528301886,15.0,0,2021,Low
Uganda,2021-02-17,15.0,0.0,40169.0,52.0,27.0,-0.7115384615384616,0.0,30.0,0,2021,Low
Uganda,2021-02-18,30.0,0.0,40199.0,15.0,25.571428571428573,1.0,0.0,14.0,0,2021,Low
Uganda,2021-02-19,14.0,0.0,40213.0,30.0,22.428571428571427,-0.5333333333333333,0.0,8.0,0,2021,Low
Uganda,2021-02-20,8.0,0.0,40221.0,14.0,22.428571428571427,-0.4285714285714286,0.0,22.0,0,2021,Low
Uganda,2021-02-21,22.0,1.0,40243.0,8.0,21.857142857142858,1.75,0.043478260869565216,18.0,0,2021,Low
Uganda,2021-02-22,18.0,0.0,40261.0,22.0,22.714285714285715,-0.18181818181818177,0.0,39.0,0,2021,Low
Uganda,2021-02-23,39.0,0.0,40300.0,18.0,20.857142857142858,1.1666666666666665,0.0,22.0,0,2021,Low
Uganda,2021-02-24,22.0,0.0,40322.0,39.0,21.857142857142858,-0.4358974358974359,0.0,13.0,0,2021,Low
Uganda,2021-02-25,13.0,0.0,40335.0,22.0,19.428571428571427,-0.40909090909090906,0.0,22.0,0,2021,Low
Uganda,2021-02-26,22.0,0.0,40357.0,13.0,20.571428571428573,0.6923076923076923,0.0,10.0,0,2021,Low
Uganda,2021-02-27,10.0,0.0,40367.0,22.0,20.857142857142858,-0.5454545454545454,0.0,28.0,0,2021,Low
Uganda,2021-02-28,28.0,0.0,40395.0,10.0,21.714285714285715,1.7999999999999998,0.0,13.0,0,2021,Low
Uganda,2021-03-01,13.0,0.0,40408.0,28.0,21.0,-0.5357142857142857,0.0,18.0,0,2021,Low
Uganda,2021-03-02,18.0,0.0,40426.0,13.0,18.0,0.3846153846153846,0.0,26.0,0,2021,Low
Uganda,2021-03-03,26.0,0.0,40452.0,18.0,18.571428571428573,0.4444444444444444,0.0,12.0,0,2021,Low
Uganda,2021-03-04,12.0,0.0,40464.0,26.0,18.428571428571427,-0.5384615384615384,0.0,15.0,0,2021,Low
Uganda,2021-03-05,15.0,0.0,40479.0,12.0,17.428571428571427,0.25,0.0,6.0,0,2021,Low
Uganda,2021-03-06,6.0,0.0,40485.0,15.0,16.857142857142858,-0.6,0.0,5.0,0,2021,Low
Uganda,2021-03-07,5.0,0.0,40490.0,6.0,13.571428571428571,-0.16666666666666663,0.0,30.0,0,2021,Low
Uganda,2021-03-08,30.0,0.0,40520.0,5.0,16.0,5.0,0.0,15.0,0,2021,Low
Uganda,2021-03-09,15.0,0.0,40535.0,30.0,15.571428571428571,-0.5,0.0,9.0,0,2021,Low
Uganda,2021-03-10,9.0,0.0,40544.0,15.0,13.142857142857142,-0.4,0.0,24.0,0,2021,Low
Uganda,2021-03-11,24.0,0.0,40568.0,9.0,14.857142857142858,1.6666666666666665,0.0,13.0,0,2021,Low
Uganda,2021-03-12,13.0,0.0,40581.0,24.0,14.571428571428571,-0.45833333333333337,0.0,10.0,0,2021,Low
Uganda,2021-03-13,10.0,0.0,40591.0,13.0,15.142857142857142,-0.23076923076923073,0.0,2.0,0,2021,Low
Uganda,2021-03-14,2.0,0.0,40593.0,10.0,14.714285714285714,-0.8,0.0,14.0,0,2021,Low
Uganda,2021-03-15,14.0,1.0,40607.0,2.0,12.428571428571429,6.0,0.06666666666666667,18.0,0,2021,Low
Uganda,2021-03-16,18.0,0.0,40625.0,14.0,12.857142857142858,0.2857142857142858,0.0,27.0,0,2021,Low
Uganda,2021-03-17,27.0,0.0,40652.0,18.0,15.428571428571429,0.5,0.0,24.0,0,2021,Low
Uganda,2021-03-18,24.0,0.0,40676.0,27.0,15.428571428571429,-0.11111111111111116,0.0,12.0,0,2021,Low
Uganda,2021-03-19,12.0,0.0,40688.0,24.0,15.285714285714286,-0.5,0.0,18.0,0,2021,Low
Uganda,2021-03-20,18.0,0.0,40706.0,12.0,16.428571428571427,0.5,0.0,14.0,0,2021,Low
Uganda,2021-03-21,14.0,1.0,40720.0,18.0,18.142857142857142,-0.2222222222222222,0.06666666666666667,15.0,0,2021,Low
Uganda,2021-03-22,15.0,0.0,40735.0,14.0,18.285714285714285,0.0714285714285714,0.0,17.0,0,2021,Low
Uganda,2021-03-23,17.0,0.0,40752.0,15.0,18.142857142857142,0.1333333333333333,0.0,19.0,0,2021,Low
Uganda,2021-03-24,19.0,0.0,40771.0,17.0,17.0,0.11764705882352944,0.0,23.0,0,2021,Low
Uganda,2021-03-25,23.0,0.0,40794.0,19.0,16.857142857142858,0.21052631578947367,0.0,26.0,0,2021,Low
Uganda,2021-03-26,26.0,0.0,40820.0,23.0,18.857142857142858,0.13043478260869557,0.0,19.0,0,2021,Low
Uganda,2021-03-27,19.0,0.0,40839.0,26.0,19.0,-0.2692307692307693,0.0,28.0,0,2021,Low
Uganda,2021-03-28,28.0,0.0,40867.0,19.0,21.0,0.4736842105263157,0.0,23.0,0,2021,Low
Uganda,2021-03-29,23.0,1.0,40890.0,28.0,22.142857142857142,-0.1785714285714286,0.041666666666666664,34.0,0,2021,Low
Uganda,2021-03-30,34.0,0.0,40924.0,23.0,24.571428571428573,0.4782608695652173,0.0,38.0,0,2021,Low
Uganda,2021-03-31,38.0,0.0,40962.0,34.0,27.285714285714285,0.11764705882352944,0.0,26.0,0,2021,Low
Uganda,2021-04-01,26.0,0.0,40988.0,38.0,27.714285714285715,-0.3157894736842105,0.0,28.0,0,2021,Low
Uganda,2021-04-02,28.0,0.0,41016.0,26.0,28.0,0.07692307692307687,0.0,7.0,0,2021,Low
Uganda,2021-04-03,7.0,0.0,41023.0,28.0,26.285714285714285,-0.75,0.0,23.0,0,2021,Low
Uganda,2021-04-04,23.0,1.0,41046.0,7.0,25.571428571428573,2.2857142857142856,0.041666666666666664,16.0,0,2021,Low
Uganda,2021-04-05,16.0,0.0,41062.0,23.0,24.571428571428573,-0.30434782608695654,0.0,24.0,0,2021,Low
Uganda,2021-04-06,24.0,0.0,41086.0,16.0,23.142857142857142,0.5,0.0,27.0,0,2021,Low
Uganda,2021-04-07,27.0,0.0,41113.0,24.0,21.571428571428573,0.125,0.0,27.0,0,2021,Low
Uganda,2021-04-08,27.0,0.0,41140.0,27.0,21.714285714285715,0.0,0.0,34.0,0,2021,Low
Uganda,2021-04-09,34.0,0.0,41174.0,27.0,22.571428571428573,0.2592592592592593,0.0,30.0,0,2021,Low
Uganda,2021-04-10,30.0,1.0,41204.0,34.0,25.857142857142858,-0.11764705882352944,0.03225806451612903,33.0,0,2021,Low
Uganda,2021-04-11,33.0,0.0,41237.0,30.0,27.285714285714285,0.10000000000000009,0.0,26.0,0,2021,Low
Uganda,2021-04-12,26.0,0.0,41263.0,33.0,28.714285714285715,-0.21212121212121215,0.0,47.0,0,2021,Low
Uganda,2021-04-13,47.0,0.0,41310.0,26.0,32.0,0.8076923076923077,0.0,30.0,0,2021,Low
Uganda,2021-04-14,30.0,1.0,41340.0,47.0,32.42857142857143,-0.36170212765957444,0.03225806451612903,38.0,0,2021,Low
Uganda,2021-04-15,38.0,1.0,41378.0,30.0,34.0,0.2666666666666666,0.02564102564102564,18.0,0,2021,Low
Uganda,2021-04-16,18.0,0.0,41396.0,38.0,31.714285714285715,-0.5263157894736843,0.0,26.0,0,2021,Low
Uganda,2021-04-17,26.0,0.0,41422.0,18.0,31.142857142857142,0.4444444444444444,0.0,55.0,1,2021,Moderate
Uganda,2021-04-18,55.0,0.0,41477.0,26.0,34.285714285714285,1.1153846153846154,0.0,54.0,1,2021,Moderate
Uganda,2021-04-19,54.0,1.0,41531.0,55.0,38.285714285714285,-0.018181818181818188,0.01818181818181818,46.0,0,2021,Low
Uganda,2021-04-20,46.0,0.0,41577.0,54.0,38.142857142857146,-0.14814814814814814,0.0,44.0,0,2021,Low
Uganda,2021-04-21,44.0,0.0,41621.0,46.0,40.142857142857146,-0.04347826086956519,0.0,36.0,0,2021,Low
Uganda,2021-04-22,36.0,0.0,41657.0,44.0,39.857142857142854,-0.18181818181818177,0.0,60.0,1,2021,Moderate
Uganda,2021-04-23,60.0,0.0,41717.0,36.0,45.857142857142854,0.6666666666666667,0.0,22.0,0,2021,Low
Uganda,2021-04-24,22.0,1.0,41739.0,60.0,45.285714285714285,-0.6333333333333333,0.043478260869565216,29.0,0,2021,Low
Uganda,2021-04-25,29.0,0.0,41768.0,22.0,41.57142857142857,0.3181818181818181,0.0,31.0,0,2021,Low
Uganda,2021-04-26,31.0,0.0,41799.0,29.0,38.285714285714285,0.06896551724137923,0.0,69.0,1,2021,Moderate
Uganda,2021-04-27,69.0,1.0,41868.0,31.0,41.57142857142857,1.225806451612903,0.014285714285714285,39.0,0,2021,Low
Uganda,2021-04-28,39.0,0.0,41907.0,69.0,40.857142857142854,-0.4347826086956522,0.0,23.0,0,2021,Low
Uganda,2021-04-29,23.0,0.0,41930.0,39.0,39.0,-0.41025641025641024,0.0,51.0,1,2021,Moderate
Uganda,2021-04-30,51.0,2.0,41981.0,23.0,37.714285714285715,1.2173913043478262,0.038461538461538464,53.0,1,2021,Moderate
Uganda,2021-05-01,53.0,0.0,42034.0,51.0,42.142857142857146,0.03921568627450989,0.0,70.0,1,2021,Moderate
Uganda,2021-05-02,70.0,1.0,42104.0,53.0,48.0,0.320754716981132,0.014084507042253521,50.0,0,2021,Low
Uganda,2021-05-03,50.0,1.0,42154.0,70.0,50.714285714285715,-0.2857142857142857,0.0196078431372549,72.0,1,2021,Moderate
Uganda,2021-05-04,72.0,1.0,42226.0,50.0,51.142857142857146,0.43999999999999995,0.0136986301369863,84.0,1,2021,Moderate
Uganda,2021-05-05,84.0,0.0,42310.0,72.0,57.57142857142857,0.16666666666666674,0.0,47.0,0,2021,Low
Uganda,2021-05-06,47.0,0.0,42357.0,84.0,61.0,-0.44047619047619047,0.0,29.0,0,2021,Low
Uganda,2021-05-07,29.0,0.0,42386.0,47.0,57.857142857142854,-0.3829787234042553,0.0,43.0,0,2021,Low
Uganda,2021-05-08,43.0,0.0,42429.0,29.0,56.42857142857143,0.48275862068965525,0.0,60.0,1,2021,Moderate
Uganda,2021-05-09,60.0,1.0,42489.0,43.0,55.0,0.39534883720930236,0.01639344262295082,91.0,1,2021,Moderate
Uganda,2021-05-10,91.0,0.0,42580.0,60.0,60.857142857142854,0.5166666666666666,0.0,96.0,1,2021,Moderate
Uganda,2021-05-11,96.0,1.0,42676.0,91.0,64.28571428571429,0.05494505494505497,0.010309278350515464,50.0,0,2021,Low
Uganda,2021-05-12,50.0,1.0,42726.0,96.0,59.42857142857143,-0.47916666666666663,0.0196078431372549,55.0,1,2021,Moderate
Uganda,2021-05-13,55.0,0.0,42781.0,50.0,60.57142857142857,0.10000000000000009,0.0,80.0,1,2021,Moderate
Uganda,2021-05-14,80.0,0.0,42861.0,55.0,67.85714285714286,0.4545454545454546,0.0,71.0,1,2021,Moderate
Uganda,2021-05-15,71.0,1.0,42932.0,80.0,71.85714285714286,-0.11250000000000004,0.013888888888888888,164.0,1,2021,Moderate
Uganda,2021-05-16,164.0,0.0,43096.0,71.0,86.71428571428571,1.3098591549295775,0.0,129.0,1,2021,Moderate
Uganda,2021-05-17,129.0,2.0,43225.0,164.0,92.14285714285714,-0.21341463414634143,0.015384615384615385,147.0,1,2021,Moderate
Uganda,2021-05-18,147.0,0.0,43372.0,129.0,99.42857142857143,0.13953488372093026,0.0,137.0,1,2021,Moderate
Uganda,2021-05-19,137.0,0.0,43509.0,147.0,111.85714285714286,-0.0680272108843537,0.0,227.0,2,2021,High
Uganda,2021-05-20,227.0,1.0,43736.0,137.0,136.42857142857142,0.6569343065693432,0.0043859649122807015,185.0,1,2021,Moderate
Uganda,2021-05-21,185.0,0.0,43921.0,227.0,151.42857142857142,-0.18502202643171806,0.0,155.0,1,2021,Moderate
Uganda,2021-05-22,155.0,0.0,44076.0,185.0,163.42857142857142,-0.16216216216216217,0.0,205.0,2,2021,High
Uganda,2021-05-23,205.0,6.0,44281.0,155.0,169.28571428571428,0.32258064516129026,0.02912621359223301,0.0,0,2021,Low
Uganda,2021-05-24,0.0,0.0,44281.0,205.0,150.85714285714286,-1.0,0.0,950.0,3,2021,Critical
Uganda,2021-05-25,950.0,2.0,45231.0,0.0,265.57142857142856,0.0,0.002103049421661409,700.0,3,2021,Critical
Uganda,2021-05-26,700.0,1.0,45931.0,950.0,346.0,-0.26315789473684215,0.0014265335235378032,0.0,0,2021,Low
Uganda,2021-05-27,0.0,0.0,45931.0,700.0,313.57142857142856,-1.0,0.0,1216.0,3,2021,Critical
Uganda,2021-05-28,1216.0,0.0,47147.0,0.0,460.85714285714283,0.0,0.0,614.0,3,2021,Critical
Uganda,2021-05-29,614.0,0.0,47761.0,1216.0,526.4285714285714,-0.4950657894736842,0.0,915.0,3,2021,Critical
Uganda,2021-05-30,915.0,2.0,48676.0,614.0,627.8571428571429,0.49022801302931596,0.002183406113537118,1083.0,3,2021,Critical
Uganda,2021-05-31,1083.0,1.0,49759.0,915.0,782.5714285714286,0.18360655737704912,0.0009225092250922509,1247.0,3,2021,Critical
Uganda,2021-06-01,1247.0,9.0,51006.0,1083.0,825.0,0.15143120960295486,0.007211538461538462,0.0,0,2021,Low
Uganda,2021-06-02,0.0,0.0,51006.0,1247.0,725.0,-1.0,0.0,0.0,0,2021,Low
Uganda,2021-06-03,0.0,0.0,51006.0,0.0,725.0,0.0,0.0,2955.0,3,2021,Critical
Uganda,2021-06-04,2955.0,9.0,53961.0,0.0,973.4285714285714,0.0,0.003044654939106901,708.0,3,2021,Critical
Uganda,2021-06-05,708.0,5.0,54669.0,2955.0,986.8571428571429,-0.7604060913705584,0.007052186177715092,842.0,3,2021,Critical
Uganda,2021-06-06,842.0,14.0,55511.0,708.0,976.4285714285714,0.18926553672316393,0.0166073546856465,1438.0,3,2021,Critical
Uganda,2021-06-07,1438.0,0.0,56949.0,842.0,1027.142857142857,0.7078384798099762,0.0,1566.0,3,2021,Critical
Uganda,2021-06-08,1566.0,6.0,58515.0,1438.0,1072.7142857142858,0.0890125173852574,0.0038289725590299937,1735.0,3,2021,Critical
Uganda,2021-06-09,1735.0,15.0,60250.0,1566.0,1320.5714285714287,0.10791826309067698,0.008640552995391706,1727.0,3,2021,Critical
Uganda,2021-06-10,1727.0,5.0,61977.0,1735.0,1567.2857142857142,-0.004610951008645503,0.0028935185185185184,1122.0,3,2021,Critical
Uganda,2021-06-11,1122.0,6.0,63099.0,1727.0,1305.4285714285713,-0.35031847133757965,0.005342831700801425,1422.0,3,2021,Critical
Uganda,2021-06-12,1422.0,25.0,64521.0,1122.0,1407.4285714285713,0.267379679144385,0.017568517217146872,1110.0,3,2021,Critical
Uganda,2021-06-13,1110.0,49.0,65631.0,1422.0,1445.7142857142858,-0.21940928270042193,0.04410441044104411,1584.0,3,2021,Critical
Uganda,2021-06-14,1584.0,34.0,67215.0,1110.0,1466.5714285714287,0.4270270270270271,0.02145110410094637,1564.0,3,2021,Critical
Uganda,2021-06-15,1564.0,42.0,68779.0,1584.0,1466.2857142857142,-0.012626262626262652,0.0268370607028754,1397.0,3,2021,Critical
Uganda,2021-06-16,1397.0,42.0,70176.0,1564.0,1418.0,-0.10677749360613809,0.030042918454935622,1367.0,3,2021,Critical
Uganda,2021-06-17,1367.0,34.0,71543.0,1397.0,1366.5714285714287,-0.021474588403722294,0.024853801169590642,1136.0,3,2021,Critical
Uganda,2021-06-18,1136.0,20.0,72679.0,1367.0,1368.5714285714287,-0.16898317483540604,0.01759014951627089,722.0,3,2021,Critical
Uganda,2021-06-19,722.0,34.0,73401.0,1136.0,1268.5714285714287,-0.3644366197183099,0.04702627939142462,859.0,3,2021,Critical
Uganda,2021-06-20,859.0,38.0,74260.0,722.0,1232.7142857142858,0.1897506925207757,0.044186046511627906,1277.0,3,2021,Critical
Uganda,2021-06-21,1277.0,29.0,75537.0,859.0,1188.857142857143,0.4866123399301514,0.02269170579029734,1025.0,3,2021,Critical
Uganda,2021-06-22,1025.0,49.0,76562.0,1277.0,1111.857142857143,-0.1973375097885669,0.04775828460038986,943.0,3,2021,Critical
Uganda,2021-06-23,943.0,38.0,77505.0,1025.0,1047.0,-0.07999999999999996,0.04025423728813559,889.0,3,2021,Critical
Uganda,2021-06-24,889.0,35.0,78394.0,943.0,978.7142857142857,-0.05726405090137854,0.03932584269662921,695.0,3,2021,Critical
Uganda,2021-06-25,695.0,53.0,79089.0,889.0,915.7142857142857,-0.21822272215973004,0.07614942528735633,345.0,2,2021,High
Uganda,2021-06-26,345.0,33.0,79434.0,695.0,861.8571428571429,-0.5035971223021583,0.0953757225433526,543.0,3,2021,Critical
Uganda,2021-06-27,543.0,34.0,79977.0,345.0,816.7142857142857,0.5739130434782609,0.0625,1057.0,3,2021,Critical
Uganda,2021-06-28,1057.0,38.0,81034.0,543.0,785.2857142857143,0.9465930018416207,0.035916824196597356,1048.0,3,2021,Critical
Uganda,2021-06-29,1048.0,50.0,82082.0,1057.0,788.5714285714286,-0.008514664143803197,0.047664442326024785,770.0,3,2021,Critical
Uganda,2021-06-30,770.0,799.0,82852.0,1048.0,763.8571428571429,-0.2652671755725191,1.0363164721141376,784.0,3,2021,Critical
Uganda,2021-07-01,784.0,29.0,83636.0,770.0,748.8571428571429,0.018181818181818077,0.03694267515923567,480.0,2,2021,High
Uganda,2021-07-02,480.0,27.0,84116.0,784.0,718.1428571428571,-0.3877551020408163,0.056133056133056136,438.0,2,2021,High
Uganda,2021-07-03,438.0,29.0,84554.0,480.0,731.4285714285714,-0.08750000000000002,0.06605922551252848,425.0,2,2021,High
Uganda,2021-07-04,425.0,17.0,84979.0,438.0,714.5714285714286,-0.029680365296803624,0.03990610328638498,602.0,3,2021,Critical
Uganda,2021-07-05,602.0,21.0,85581.0,425.0,649.5714285714286,0.41647058823529415,0.03482587064676617,559.0,3,2021,Critical
Uganda,2021-07-06,559.0,29.0,86140.0,602.0,579.7142857142857,-0.0714285714285714,0.05178571428571429,615.0,3,2021,Critical
Uganda,2021-07-07,615.0,28.0,86755.0,559.0,557.5714285714286,0.10017889087656529,0.045454545454545456,522.0,3,2021,Critical
Uganda,2021-07-08,522.0,14.0,87277.0,615.0,520.1428571428571,-0.15121951219512197,0.02676864244741874,479.0,2,2021,High
Uganda,2021-07-09,479.0,25.0,87756.0,522.0,520.0,-0.0823754789272031,0.052083333333333336,438.0,2,2021,High
Uganda,2021-07-10,438.0,35.0,88194.0,479.0,520.0,-0.08559498956158662,0.07972665148063782,480.0,2,2021,High
Uganda,2021-07-11,480.0,39.0,88674.0,438.0,527.8571428571429,0.09589041095890405,0.08108108108108109,406.0,2,2021,High
Uganda,2021-07-12,406.0,46.0,89080.0,480.0,499.85714285714283,-0.15416666666666667,0.11302211302211303,434.0,2,2021,High
Uganda,2021-07-13,434.0,37.0,89514.0,406.0,482.0,0.06896551724137923,0.08505747126436781,461.0,2,2021,High
Uganda,2021-07-14,461.0,38.0,89975.0,434.0,460.0,0.062211981566820285,0.08225108225108226,416.0,2,2021,High
Uganda,2021-07-15,416.0,29.0,90391.0,461.0,444.85714285714283,-0.0976138828633406,0.06954436450839328,265.0,2,2021,High
Uganda,2021-07-16,265.0,39.0,90656.0,416.0,414.2857142857143,-0.3629807692307693,0.14661654135338345,254.0,2,2021,High
Uganda,2021-07-17,254.0,20.0,90910.0,265.0,388.0,-0.04150943396226414,0.0784313725490196,252.0,2,2021,High
Uganda,2021-07-18,252.0,13.0,91162.0,254.0,355.42857142857144,-0.007874015748031482,0.05138339920948617,193.0,1,2021,Moderate
Uganda,2021-07-19,193.0,58.0,91355.0,252.0,325.0,-0.23412698412698407,0.29896907216494845,355.0,2,2021,High
Uganda,2021-07-20,355.0,13.0,91710.0,193.0,313.7142857142857,0.839378238341969,0.03651685393258427,405.0,2,2021,High
Uganda,2021-07-21,405.0,30.0,92115.0,355.0,305.7142857142857,0.14084507042253525,0.07389162561576355,375.0,2,2021,High
Uganda,2021-07-22,375.0,31.0,92490.0,405.0,299.85714285714283,-0.07407407407407407,0.08244680851063829,234.0,2,2021,High
Uganda,2021-07-23,234.0,22.0,92724.0,375.0,295.42857142857144,-0.376,0.09361702127659574,71.0,1,2021,Moderate
Uganda,2021-07-24,71.0,11.0,92795.0,234.0,269.2857142857143,-0.6965811965811965,0.1527777777777778,327.0,2,2021,High
Uganda,2021-07-25,327.0,15.0,93122.0,71.0,280.0,3.605633802816901,0.04573170731707317,160.0,1,2021,Moderate
Uganda,2021-07-26,160.0,27.0,93282.0,327.0,275.2857142857143,-0.5107033639143731,0.16770186335403728,393.0,2,2021,High
Uganda,2021-07-27,393.0,29.0,93675.0,160.0,280.7142857142857,1.4562499999999998,0.07360406091370558,252.0,2,2021,High
Uganda,2021-07-28,252.0,29.0,93927.0,393.0,258.85714285714283,-0.3587786259541985,0.11462450592885376,268.0,2,2021,High
Uganda,2021-07-29,268.0,6.0,94195.0,252.0,243.57142857142858,0.06349206349206349,0.022304832713754646,230.0,2,2021,High
Uganda,2021-07-30,230.0,14.0,94425.0,268.0,243.0,-0.14179104477611937,0.06060606060606061,112.0,1,2021,Moderate
Uganda,2021-07-31,112.0,15.0,94537.0,230.0,248.85714285714286,-0.5130434782608695,0.13274336283185842,202.0,2,2021,High
Uganda,2021-08-01,202.0,9.0,94739.0,112.0,231.0,0.8035714285714286,0.04433497536945813,165.0,1,2021,Moderate
Uganda,2021-08-02,165.0,18.0,94904.0,202.0,231.71428571428572,-0.18316831683168322,0.10843373493975904,322.0,2,2021,High
Uganda,2021-08-03,322.0,19.0,95226.0,165.0,221.57142857142858,0.9515151515151514,0.058823529411764705,248.0,2,2021,High
Uganda,2021-08-04,248.0,14.0,95474.0,322.0,221.0,-0.22981366459627328,0.05622489959839357,249.0,2,2021,High
Uganda,2021-08-05,249.0,8.0,95723.0,248.0,218.28571428571428,0.0040322580645162365,0.032,152.0,1,2021,Moderate
Uganda,2021-08-06,152.0,15.0,95875.0,249.0,207.14285714285714,-0.38955823293172687,0.09803921568627451,80.0,1,2021,Moderate
Uganda,2021-08-07,80.0,4.0,95955.0,152.0,202.57142857142858,-0.4736842105263158,0.04938271604938271,112.0,1,2021,Moderate
Uganda,2021-08-08,112.0,9.0,96067.0,80.0,189.71428571428572,0.3999999999999999,0.07964601769911504,157.0,1,2021,Moderate
Uganda,2021-08-09,157.0,11.0,96224.0,112.0,188.57142857142858,0.4017857142857142,0.06962025316455696,273.0,2,2021,High
Uganda,2021-08-10,273.0,24.0,96497.0,157.0,181.57142857142858,0.7388535031847134,0.08759124087591241,181.0,1,2021,Moderate
Uganda,2021-08-11,181.0,7.0,96678.0,273.0,172.0,-0.336996336996337,0.038461538461538464,309.0,2,2021,High
Uganda,2021-08-12,309.0,19.0,96987.0,181.0,180.57142857142858,0.7071823204419889,0.06129032258064516,137.0,1,2021,Moderate
Uganda,2021-08-13,137.0,11.0,97124.0,309.0,178.42857142857142,-0.5566343042071198,0.07971014492753623,62.0,1,2021,Moderate
Uganda,2021-08-14,62.0,12.0,97186.0,137.0,175.85714285714286,-0.5474452554744526,0.19047619047619047,108.0,1,2021,Moderate
Uganda,2021-08-15,108.0,12.0,97294.0,62.0,175.28571428571428,0.7419354838709677,0.11009174311926606,159.0,1,2021,Moderate
Uganda,2021-08-16,159.0,14.0,97453.0,108.0,175.57142857142858,0.4722222222222223,0.0875,20692.0,3,2021,Critical
Uganda,2021-08-17,20692.0,8.0,118145.0,159.0,3092.5714285714284,129.13836477987422,0.000386604165659885,357.0,2,2021,High
Uganda,2021-08-18,357.0,7.0,118502.0,20692.0,3117.714285714286,-0.9827469553450608,0.019553072625698324,171.0,1,2021,Moderate
Uganda,2021-08-19,171.0,6.0,118673.0,357.0,3098.0,-0.5210084033613445,0.03488372093023256,104.0,1,2021,Moderate
Uganda,2021-08-20,104.0,8.0,118777.0,171.0,3093.285714285714,-0.39181286549707606,0.0761904761904762,123.0,1,2021,Moderate
Uganda,2021-08-21,123.0,2.0,118900.0,104.0,3102.0,0.1826923076923077,0.016129032258064516,137.0,1,2021,Moderate
Uganda,2021-08-22,137.0,6.0,119037.0,123.0,3106.1428571428573,0.11382113821138207,0.043478260869565216,104.0,1,2021,Moderate
Uganda,2021-08-23,104.0,5.0,119141.0,137.0,3098.285714285714,-0.24087591240875916,0.047619047619047616,186.0,1,2021,Moderate
Uganda,2021-08-24,186.0,8.0,119327.0,104.0,168.85714285714286,0.7884615384615385,0.0427807486631016,0.0,0,2021,Low
Uganda,2021-08-25,0.0,1.0,119327.0,186.0,117.85714285714286,-1.0,1.0,217.0,2,2021,High
Uganda,2021-08-26,217.0,5.0,119544.0,0.0,124.42857142857143,0.0,0.022935779816513763,188.0,1,2021,Moderate
Uganda,2021-08-27,188.0,6.0,119732.0,217.0,136.42857142857142,-0.13364055299539168,0.031746031746031744,93.0,1,2021,Moderate
Uganda,2021-08-28,93.0,15.0,119825.0,188.0,132.14285714285714,-0.5053191489361701,0.1595744680851064,90.0,1,2021,Moderate
Uganda,2021-08-29,90.0,6.0,119915.0,93.0,125.42857142857143,-0.032258064516129004,0.06593406593406594,293.0,2,2021,High
Uganda,2021-08-30,293.0,19.0,120208.0,90.0,152.42857142857142,2.2555555555555555,0.06462585034013606,169.0,1,2021,Moderate
Uganda,2021-08-31,169.0,7.0,120377.0,293.0,150.0,-0.42320819112627983,0.041176470588235294,89.0,1,2021,Moderate
Uganda,2021-09-01,89.0,3.0,120466.0,169.0,162.71428571428572,-0.47337278106508873,0.03333333333333333,115.0,1,2021,Moderate
Uganda,2021-09-02,115.0,4.0,120581.0,89.0,148.14285714285714,0.2921348314606742,0.034482758620689655,81.0,1,2021,Moderate
Uganda,2021-09-03,81.0,6.0,120662.0,115.0,132.85714285714286,-0.29565217391304344,0.07317073170731707,52.0,1,2021,Moderate
Uganda,2021-09-04,52.0,8.0,120714.0,81.0,127.0,-0.3580246913580247,0.1509433962264151,133.0,1,2021,Moderate
Uganda,2021-09-05,133.0,7.0,120847.0,52.0,133.14285714285714,1.5576923076923075,0.05223880597014925,143.0,1,2021,Moderate
Uganda,2021-09-06,143.0,6.0,120990.0,133.0,111.71428571428571,0.07518796992481214,0.041666666666666664,176.0,1,2021,Moderate
Uganda,2021-09-07,176.0,11.0,121166.0,143.0,112.71428571428571,0.23076923076923084,0.062146892655367235,130.0,1,2021,Moderate
Uganda,2021-09-08,130.0,7.0,121296.0,176.0,118.57142857142857,-0.26136363636363635,0.05343511450381679,214.0,2,2021,High
Uganda,2021-09-09,214.0,3.0,121510.0,130.0,132.71428571428572,0.6461538461538461,0.013953488372093023,77.0,1,2021,Moderate
Uganda,2021-09-10,77.0,4.0,121587.0,214.0,132.14285714285714,-0.6401869158878505,0.05128205128205128,30.0,0,2021,Low
Uganda,2021-09-11,30.0,4.0,121617.0,77.0,129.0,-0.6103896103896104,0.12903225806451613,70.0,1,2021,Moderate
Uganda,2021-09-12,70.0,3.0,121687.0,30.0,120.0,1.3333333333333335,0.04225352112676056,97.0,1,2021,Moderate
Uganda,2021-09-13,97.0,9.0,121784.0,70.0,113.42857142857143,0.3857142857142857,0.09183673469387756,200.0,1,2021,Moderate
Uganda,2021-09-14,200.0,4.0,121984.0,97.0,116.85714285714286,1.0618556701030926,0.01990049751243781,99.0,1,2021,Moderate
Uganda,2021-09-15,99.0,4.0,122083.0,200.0,112.42857142857143,-0.505,0.04,129.0,1,2021,Moderate
Uganda,2021-09-16,129.0,5.0,122212.0,99.0,100.28571428571429,0.303030303030303,0.038461538461538464,65.0,1,2021,Moderate
Uganda,2021-09-17,65.0,1.0,122277.0,129.0,98.57142857142857,-0.49612403100775193,0.015151515151515152,128.0,1,2021,Moderate
Uganda,2021-09-18,128.0,1.0,122405.0,65.0,112.57142857142857,0.9692307692307693,0.007751937984496124,97.0,1,2021,Moderate
Uganda,2021-09-19,97.0,5.0,122502.0,128.0,116.42857142857143,-0.2421875,0.05102040816326531,89.0,1,2021,Moderate
Uganda,2021-09-20,89.0,2.0,122591.0,97.0,115.28571428571429,-0.08247422680412375,0.022222222222222223,312.0,2,2021,High
Uganda,2021-09-21,312.0,3.0,122903.0,89.0,131.28571428571428,2.50561797752809,0.009584664536741214,163.0,1,2021,Moderate
Uganda,2021-09-22,163.0,5.0,123066.0,312.0,140.42857142857142,-0.47756410256410253,0.03048780487804878,115.0,1,2021,Moderate
Uganda,2021-09-23,115.0,2.0,123181.0,163.0,138.42857142857142,-0.29447852760736193,0.017241379310344827,64.0,1,2021,Moderate
Uganda,2021-09-24,64.0,1.0,123245.0,115.0,138.28571428571428,-0.4434782608695652,0.015384615384615385,95.0,1,2021,Moderate
Uganda,2021-09-25,95.0,2.0,123340.0,64.0,133.57142857142858,0.484375,0.020833333333333332,105.0,1,2021,Moderate
Uganda,2021-09-26,105.0,4.0,123445.0,95.0,134.71428571428572,0.10526315789473695,0.03773584905660377,127.0,1,2021,Moderate
Uganda,2021-09-27,127.0,4.0,123572.0,105.0,140.14285714285714,0.20952380952380945,0.03125,170.0,1,2021,Moderate
Uganda,2021-09-28,170.0,3.0,123742.0,127.0,119.85714285714286,0.3385826771653544,0.017543859649122806,115.0,1,2021,Moderate
Uganda,2021-09-29,115.0,0.0,123857.0,170.0,113.0,-0.32352941176470584,0.0,119.0,1,2021,Moderate
Uganda,2021-09-30,119.0,1.0,123976.0,115.0,113.57142857142857,0.034782608695652195,0.008333333333333333,63.0,1,2021,Moderate
Uganda,2021-10-01,63.0,2.0,124039.0,119.0,113.42857142857143,-0.47058823529411764,0.03125,59.0,1,2021,Moderate
Uganda,2021-10-02,59.0,0.0,124098.0,63.0,108.28571428571429,-0.06349206349206349,0.0,92.0,1,2021,Moderate
Uganda,2021-10-03,92.0,1.0,124190.0,59.0,106.42857142857143,0.5593220338983051,0.010752688172043012,64.0,1,2021,Moderate
Uganda,2021-10-04,64.0,5.0,124254.0,92.0,97.42857142857143,-0.30434782608695654,0.07692307692307693,183.0,1,2021,Moderate
Uganda,2021-10-05,183.0,2.0,124437.0,64.0,99.28571428571429,1.859375,0.010869565217391304,107.0,1,2021,Moderate
Uganda,2021-10-06,107.0,2.0,124544.0,183.0,98.14285714285714,-0.41530054644808745,0.018518518518518517,102.0,1,2021,Moderate
Uganda,2021-10-07,102.0,2.0,124646.0,107.0,95.71428571428571,-0.04672897196261683,0.019417475728155338,90.0,1,2021,Moderate
Uganda,2021-10-08,90.0,1.0,124736.0,102.0,99.57142857142857,-0.11764705882352944,0.01098901098901099,72.0,1,2021,Moderate
Uganda,2021-10-09,72.0,2.0,124808.0,90.0,101.42857142857143,-0.19999999999999996,0.0273972602739726,56.0,1,2021,Moderate
Uganda,2021-10-10,56.0,0.0,124864.0,72.0,96.28571428571429,-0.2222222222222222,0.0,60.0,1,2021,Moderate
Uganda,2021-10-11,60.0,0.0,124924.0,56.0,95.71428571428571,0.0714285714285714,0.0,125.0,1,2021,Moderate
Uganda,2021-10-12,125.0,1.0,125049.0,60.0,87.42857142857143,1.0833333333333335,0.007936507936507936,45.0,0,2021,Low
Uganda,2021-10-13,45.0,2.0,125094.0,125.0,78.57142857142857,-0.64,0.043478260869565216,92.0,1,2021,Moderate
Uganda,2021-10-14,92.0,3.0,125186.0,45.0,77.14285714285714,1.0444444444444443,0.03225806451612903,75.0,1,2021,Moderate
Uganda,2021-10-15,75.0,0.0,125261.0,92.0,75.0,-0.18478260869565222,0.0,22.0,0,2021,Low
Uganda,2021-10-16,22.0,2.0,125283.0,75.0,67.85714285714286,-0.7066666666666667,0.08695652173913043,81.0,1,2021,Moderate
Uganda,2021-10-17,81.0,1.0,125364.0,22.0,71.42857142857143,2.6818181818181817,0.012195121951219513,62.0,1,2021,Moderate
Uganda,2021-10-18,62.0,4.0,125426.0,81.0,71.71428571428571,-0.23456790123456794,0.06349206349206349,111.0,1,2021,Moderate
Uganda,2021-10-19,111.0,2.0,125537.0,62.0,69.71428571428571,0.7903225806451613,0.017857142857142856,108.0,1,2021,Moderate
Uganda,2021-10-20,108.0,4.0,125645.0,111.0,78.71428571428571,-0.027027027027026973,0.03669724770642202,65.0,1,2021,Moderate
Uganda,2021-10-21,65.0,2.0,125710.0,108.0,74.85714285714286,-0.39814814814814814,0.030303030303030304,48.0,0,2021,Low
Uganda,2021-10-22,48.0,0.0,125758.0,65.0,71.0,-0.2615384615384615,0.0,30.0,0,2021,Low
Uganda,2021-10-23,30.0,0.0,125788.0,48.0,72.14285714285714,-0.375,0.0,73.0,1,2021,Moderate
Uganda,2021-10-24,73.0,4.0,125861.0,30.0,71.0,1.4333333333333331,0.05405405405405406,59.0,1,2021,Moderate
Uganda,2021-10-25,59.0,5.0,125920.0,73.0,70.57142857142857,-0.1917808219178082,0.08333333333333333,80.0,1,2021,Moderate
Uganda,2021-10-26,80.0,1.0,126000.0,59.0,66.14285714285714,0.35593220338983045,0.012345679012345678,75.0,1,2021,Moderate
Uganda,2021-10-27,75.0,5.0,126075.0,80.0,61.42857142857143,-0.0625,0.06578947368421052,96.0,1,2021,Moderate
Uganda,2021-10-28,96.0,0.0,126171.0,75.0,65.85714285714286,0.28,0.0,65.0,1,2021,Moderate
Uganda,2021-10-29,65.0,0.0,126236.0,96.0,68.28571428571429,-0.32291666666666663,0.0,36.0,0,2021,Low
Uganda,2021-10-30,36.0,2.0,126272.0,65.0,69.14285714285714,-0.4461538461538461,0.05405405405405406,49.0,0,2021,Low
Uganda,2021-10-31,49.0,2.0,126321.0,36.0,65.71428571428571,0.36111111111111116,0.04,27.0,0,2021,Low
Uganda,2021-11-01,27.0,2.0,126348.0,49.0,61.142857142857146,-0.44897959183673475,0.07142857142857142,59.0,1,2021,Moderate
Uganda,2021-11-02,59.0,2.0,126407.0,27.0,58.142857142857146,1.1851851851851851,0.03333333333333333,85.0,1,2021,Moderate
Uganda,2021-11-03,85.0,2.0,126492.0,59.0,59.57142857142857,0.44067796610169485,0.023255813953488372,78.0,1,2021,Moderate
Uganda,2021-11-04,78.0,2.0,126570.0,85.0,57.0,-0.08235294117647063,0.02531645569620253,55.0,1,2021,Moderate
Uganda,2021-11-05,55.0,1.0,126625.0,78.0,55.57142857142857,-0.2948717948717948,0.017857142857142856,19.0,0,2021,Low
Uganda,2021-11-06,19.0,2.0,126644.0,55.0,53.142857142857146,-0.6545454545454545,0.1,70.0,1,2021,Moderate
Uganda,2021-11-07,70.0,1.0,126714.0,19.0,56.142857142857146,2.6842105263157894,0.014084507042253521,49.0,0,2021,Low
Uganda,2021-11-08,49.0,3.0,126763.0,70.0,59.285714285714285,-0.30000000000000004,0.06,70.0,1,2021,Moderate
Uganda,2021-11-09,70.0,2.0,126833.0,49.0,60.857142857142854,0.4285714285714286,0.028169014084507043,56.0,1,2021,Moderate
Uganda,2021-11-10,56.0,1.0,126889.0,70.0,56.714285714285715,-0.19999999999999996,0.017543859649122806,34.0,0,2021,Low
Uganda,2021-11-11,34.0,1.0,126923.0,56.0,50.42857142857143,-0.3928571428571429,0.02857142857142857,42.0,0,2021,Low
Uganda,2021-11-12,42.0,1.0,126965.0,34.0,48.57142857142857,0.23529411764705888,0.023255813953488372,37.0,0,2021,Low
Uganda,2021-11-13,37.0,2.0,127002.0,42.0,51.142857142857146,-0.11904761904761907,0.05263157894736842,44.0,0,2021,Low
Uganda,2021-11-14,44.0,3.0,127046.0,37.0,47.42857142857143,0.18918918918918926,0.06666666666666667,27.0,0,2021,Low
Uganda,2021-11-15,27.0,3.0,127073.0,44.0,44.285714285714285,-0.38636363636363635,0.10714285714285714,55.0,1,2021,Moderate
Uganda,2021-11-16,55.0,0.0,127128.0,27.0,42.142857142857146,1.0370370370370372,0.0,38.0,0,2021,Low
Uganda,2021-11-17,38.0,0.0,127166.0,55.0,39.57142857142857,-0.3090909090909091,0.0,49.0,0,2021,Low
Uganda,2021-11-18,49.0,1.0,127215.0,38.0,41.714285714285715,0.2894736842105263,0.02,22.0,0,2021,Low
Uganda,2021-11-19,22.0,1.0,127237.0,49.0,38.857142857142854,-0.5510204081632653,0.043478260869565216,31.0,0,2021,Low
Uganda,2021-11-20,31.0,1.0,127268.0,22.0,38.0,0.40909090909090917,0.03125,37.0,0,2021,Low
Uganda,2021-11-21,37.0,0.0,127305.0,31.0,37.0,0.19354838709677424,0.0,32.0,0,2021,Low
Uganda,2021-11-22,32.0,0.0,127337.0,37.0,37.714285714285715,-0.1351351351351351,0.0,76.0,1,2021,Moderate
Uganda,2021-11-23,76.0,1.0,127413.0,32.0,40.714285714285715,1.375,0.012987012987012988,48.0,0,2021,Low
Uganda,2021-11-24,48.0,1.0,127461.0,76.0,42.142857142857146,-0.368421052631579,0.02040816326530612,28.0,0,2021,Low
Uganda,2021-11-25,28.0,0.0,127489.0,48.0,39.142857142857146,-0.41666666666666663,0.0,34.0,0,2021,Low
Uganda,2021-11-26,34.0,0.0,127523.0,28.0,40.857142857142854,0.2142857142857142,0.0,27.0,0,2021,Low
Uganda,2021-11-27,27.0,0.0,127550.0,34.0,40.285714285714285,-0.20588235294117652,0.0,39.0,0,2021,Low
Uganda,2021-11-28,39.0,0.0,127589.0,27.0,40.57142857142857,0.4444444444444444,0.0,29.0,0,2021,Low
Uganda,2021-11-29,29.0,0.0,127618.0,39.0,40.142857142857146,-0.2564102564102564,0.0,33.0,0,2021,Low
Uganda,2021-11-30,33.0,1.0,127651.0,29.0,34.0,0.13793103448275867,0.029411764705882353,32.0,0,2021,Low
Uganda,2021-12-01,32.0,1.0,127683.0,33.0,31.714285714285715,-0.030303030303030276,0.030303030303030304,39.0,0,2021,Low
Uganda,2021-12-02,39.0,0.0,127722.0,32.0,33.285714285714285,0.21875,0.0,34.0,0,2021,Low
Uganda,2021-12-03,34.0,2.0,127756.0,39.0,33.285714285714285,-0.1282051282051282,0.05714285714285714,19.0,0,2021,Low
Uganda,2021-12-04,19.0,2.0,127775.0,34.0,32.142857142857146,-0.4411764705882353,0.1,47.0,0,2021,Low
Uganda,2021-12-05,47.0,3.0,127822.0,19.0,33.285714285714285,1.473684210526316,0.0625,41.0,0,2021,Low
Uganda,2021-12-06,41.0,2.0,127863.0,47.0,35.0,-0.12765957446808507,0.047619047619047616,81.0,1,2021,Moderate
Uganda,2021-12-07,81.0,2.0,127944.0,41.0,41.857142857142854,0.975609756097561,0.024390243902439025,36.0,0,2021,Low
Uganda,2021-12-08,36.0,2.0,127980.0,81.0,42.42857142857143,-0.5555555555555556,0.05405405405405406,60.0,1,2021,Moderate
Uganda,2021-12-09,60.0,1.0,128040.0,36.0,45.42857142857143,0.6666666666666667,0.01639344262295082,60.0,1,2021,Moderate
Uganda,2021-12-10,60.0,1.0,128100.0,60.0,49.142857142857146,0.0,0.01639344262295082,87.0,1,2021,Moderate
Uganda,2021-12-11,87.0,0.0,128187.0,60.0,58.857142857142854,0.44999999999999996,0.0,92.0,1,2021,Moderate
Uganda,2021-12-12,92.0,0.0,128279.0,87.0,65.28571428571429,0.05747126436781613,0.0,90.0,1,2021,Moderate
Uganda,2021-12-13,90.0,2.0,128369.0,92.0,72.28571428571429,-0.021739130434782594,0.02197802197802198,209.0,2,2021,High
Uganda,2021-12-14,209.0,1.0,128578.0,90.0,90.57142857142857,1.3222222222222224,0.004761904761904762,255.0,2,2021,High
Uganda,2021-12-15,255.0,0.0,128833.0,209.0,121.85714285714286,0.22009569377990434,0.0,297.0,2,2021,High
Uganda,2021-12-16,297.0,0.0,129130.0,255.0,155.71428571428572,0.16470588235294126,0.0,189.0,1,2021,Moderate
Uganda,2021-12-17,189.0,2.0,129319.0,297.0,174.14285714285714,-0.36363636363636365,0.010526315789473684,357.0,2,2021,High
Uganda,2021-12-18,357.0,0.0,129676.0,189.0,212.71428571428572,0.8888888888888888,0.0,502.0,3,2021,Critical
Uganda,2021-12-19,502.0,0.0,130178.0,357.0,271.2857142857143,0.4061624649859943,0.0,0.0,0,2021,Low
Uganda,2021-12-20,0.0,0.0,130178.0,502.0,258.42857142857144,-1.0,0.0,0.0,0,2021,Low
Uganda,2021-12-21,0.0,0.0,130178.0,0.0,228.57142857142858,0.0,0.0,3054.0,3,2021,Critical
Uganda,2021-12-22,3054.0,0.0,133232.0,0.0,628.4285714285714,0.0,0.0,0.0,0,2021,Low
Uganda,2021-12-23,0.0,0.0,133232.0,3054.0,586.0,-1.0,0.0,1859.0,3,2021,Critical
Uganda,2021-12-24,1859.0,6.0,135091.0,0.0,824.5714285714286,0.0,0.0032258064516129032,974.0,3,2021,Critical
Uganda,2021-12-25,974.0,5.0,136065.0,1859.0,912.7142857142857,-0.47606239913932225,0.005128205128205128,1272.0,3,2021,Critical
Uganda,2021-12-26,1272.0,2.0,137337.0,974.0,1022.7142857142857,0.30595482546201236,0.0015710919088766694,1809.0,3,2021,Critical
Uganda,2021-12-27,1809.0,4.0,139146.0,1272.0,1281.142857142857,0.4221698113207548,0.0022099447513812156,1658.0,3,2021,Critical
Uganda,2021-12-28,1658.0,3.0,140804.0,1809.0,1518.0,-0.08347153123272522,0.0018083182640144665,1867.0,3,2021,Critical
Uganda,2021-12-29,1867.0,3.0,142671.0,1658.0,1348.4285714285713,0.12605548854041015,0.0016059957173447537,1936.0,3,2021,Critical
Uganda,2021-12-30,1936.0,5.0,144607.0,1867.0,1625.0,0.036957686127477185,0.002581311306143521,1423.0,3,2021,Critical
Uganda,2021-12-31,1423.0,4.0,146030.0,1936.0,1562.7142857142858,-0.2649793388429752,0.0028089887640449437,813.0,3,2021,Critical
Uganda,2022-01-01,813.0,6.0,146843.0,1423.0,1539.7142857142858,-0.42867182009838367,0.007371007371007371,1766.0,3,2022,Critical
Uganda,2022-01-02,1766.0,1.0,148609.0,813.0,1610.2857142857142,1.17220172201722,0.0005659309564233164,1759.0,3,2022,Critical
Uganda,2022-01-03,1759.0,12.0,150368.0,1766.0,1603.142857142857,-0.003963759909399789,0.006818181818181818,1461.0,3,2022,Critical
Uganda,2022-01-04,1461.0,8.0,151829.0,1759.0,1575.0,-0.1694144400227402,0.005471956224350205,1016.0,3,2022,Critical
Uganda,2022-01-05,1016.0,4.0,152845.0,1461.0,1453.4285714285713,-0.3045859000684463,0.003933136676499509,984.0,3,2022,Critical
Uganda,2022-01-06,984.0,2.0,153829.0,1016.0,1317.4285714285713,-0.03149606299212604,0.0020304568527918783,749.0,3,2022,Critical
Uganda,2022-01-07,749.0,18.0,154578.0,984.0,1221.142857142857,-0.23882113821138207,0.024,865.0,3,2022,Critical
Uganda,2022-01-08,865.0,4.0,155443.0,749.0,1228.5714285714287,0.1548731642189587,0.004618937644341801,670.0,3,2022,Critical
Uganda,2022-01-09,670.0,9.0,156113.0,865.0,1072.0,-0.22543352601156075,0.013412816691505217,591.0,3,2022,Critical
Uganda,2022-01-10,591.0,8.0,156704.0,670.0,905.1428571428571,-0.11791044776119408,0.013513513513513514,523.0,3,2022,Critical
Uganda,2022-01-11,523.0,7.0,157227.0,591.0,771.1428571428571,-0.11505922165820648,0.013358778625954198,594.0,3,2022,Critical
Uganda,2022-01-12,594.0,9.0,157821.0,523.0,710.8571428571429,0.13575525812619493,0.015126050420168067,484.0,2,2022,High
Uganda,2022-01-13,484.0,17.0,158305.0,594.0,639.4285714285714,-0.18518518518518523,0.03505154639175258,438.0,2,2022,High
Uganda,2022-01-14,438.0,13.0,158743.0,484.0,595.0,-0.0950413223140496,0.029612756264236904,257.0,2,2022,High
Uganda,2022-01-15,257.0,13.0,159000.0,438.0,508.14285714285717,-0.41324200913242004,0.050387596899224806,270.0,2,2022,High
Uganda,2022-01-16,270.0,12.0,159270.0,257.0,451.0,0.05058365758754868,0.04428044280442804,251.0,2,2022,High
Uganda,2022-01-17,251.0,10.0,159521.0,270.0,402.42857142857144,-0.07037037037037042,0.03968253968253968,286.0,2,2022,High
Uganda,2022-01-18,286.0,4.0,159807.0,251.0,368.57142857142856,0.1394422310756973,0.013937282229965157,406.0,2,2022,High
Uganda,2022-01-19,406.0,7.0,160213.0,286.0,341.7142857142857,0.4195804195804196,0.0171990171990172,206.0,2,2022,High
Uganda,2022-01-20,206.0,9.0,160419.0,406.0,302.0,-0.4926108374384236,0.043478260869565216,220.0,2,2022,High
Uganda,2022-01-21,220.0,9.0,160639.0,206.0,270.85714285714283,0.06796116504854366,0.04072398190045249,139.0,1,2022,Moderate
Uganda,2022-01-22,139.0,9.0,160778.0,220.0,254.0,-0.36818181818181817,0.06428571428571428,196.0,1,2022,Moderate
Uganda,2022-01-23,196.0,10.0,160974.0,139.0,243.42857142857142,0.41007194244604306,0.050761421319796954,285.0,2,2022,High
Uganda,2022-01-24,285.0,8.0,161259.0,196.0,248.28571428571428,0.45408163265306123,0.027972027972027972,162.0,1,2022,Moderate
Uganda,2022-01-25,162.0,7.0,161421.0,285.0,230.57142857142858,-0.43157894736842106,0.04294478527607362,149.0,1,2022,Moderate
Uganda,2022-01-26,149.0,6.0,161570.0,162.0,193.85714285714286,-0.08024691358024694,0.04,0.0,0,2022,Low
Uganda,2022-01-27,0.0,0.0,161570.0,149.0,164.42857142857142,-1.0,0.0,269.0,2,2022,High
Uganda,2022-01-28,269.0,5.0,161839.0,0.0,171.42857142857142,0.0,0.018518518518518517,90.0,1,2022,Moderate
Uganda,2022-01-29,90.0,5.0,161929.0,269.0,164.42857142857142,-0.6654275092936803,0.054945054945054944,78.0,1,2022,Moderate
Uganda,2022-01-30,78.0,7.0,162007.0,90.0,147.57142857142858,-0.1333333333333333,0.08860759493670886,109.0,1,2022,Moderate
Uganda,2022-01-31,109.0,3.0,162116.0,78.0,122.42857142857143,0.39743589743589736,0.02727272727272727,87.0,1,2022,Moderate
Uganda,2022-02-01,87.0,6.0,162203.0,109.0,111.71428571428571,-0.2018348623853211,0.06818181818181818,0.0,0,2022,Low
Uganda,2022-02-02,0.0,0.0,162203.0,87.0,90.42857142857143,-1.0,0.0,137.0,1,2022,Moderate
Uganda,2022-02-03,137.0,8.0,162340.0,0.0,110.0,0.0,0.057971014492753624,35.0,0,2022,Low
Uganda,2022-02-04,35.0,4.0,162375.0,137.0,76.57142857142857,-0.7445255474452555,0.1111111111111111,67.0,1,2022,Moderate
Uganda,2022-02-05,67.0,2.0,162442.0,35.0,73.28571428571429,0.9142857142857144,0.029411764705882353,68.0,1,2022,Moderate
Uganda,2022-02-06,68.0,2.0,162510.0,67.0,71.85714285714286,0.014925373134328401,0.028985507246376812,49.0,0,2022,Low
Uganda,2022-02-07,49.0,2.0,162559.0,68.0,63.285714285714285,-0.27941176470588236,0.04,80.0,1,2022,Moderate
Uganda,2022-02-08,80.0,3.0,162639.0,49.0,62.285714285714285,0.6326530612244898,0.037037037037037035,0.0,0,2022,Low
Uganda,2022-02-09,0.0,0.0,162639.0,80.0,62.285714285714285,-1.0,0.0,124.0,1,2022,Moderate
Uganda,2022-02-10,124.0,2.0,162763.0,0.0,60.42857142857143,0.0,0.016,59.0,1,2022,Moderate
Uganda,2022-02-11,59.0,2.0,162822.0,124.0,63.857142857142854,-0.5241935483870968,0.03333333333333333,47.0,0,2022,Low
Uganda,2022-02-12,47.0,1.0,162869.0,59.0,61.0,-0.2033898305084746,0.020833333333333332,63.0,1,2022,Moderate
Uganda,2022-02-13,63.0,2.0,162932.0,47.0,60.285714285714285,0.34042553191489366,0.03125,0.0,0,2022,Low
Uganda,2022-02-14,0.0,0.0,162932.0,63.0,53.285714285714285,-1.0,0.0,108.0,1,2022,Moderate
Uganda,2022-02-15,108.0,1.0,163040.0,0.0,57.285714285714285,0.0,0.009174311926605505,31.0,0,2022,Low
Uganda,2022-02-16,31.0,1.0,163071.0,108.0,61.714285714285715,-0.712962962962963,0.03125,28.0,0,2022,Low
Uganda,2022-02-17,28.0,1.0,163099.0,31.0,48.0,-0.09677419354838712,0.034482758620689655,17.0,0,2022,Low
Uganda,2022-02-18,17.0,0.0,163116.0,28.0,42.0,-0.3928571428571429,0.0,22.0,0,2022,Low
Uganda,2022-02-19,22.0,0.0,163138.0,17.0,38.42857142857143,0.2941176470588236,0.0,14.0,0,2022,Low
Uganda,2022-02-20,14.0,0.0,163152.0,22.0,31.428571428571427,-0.36363636363636365,0.0,27.0,0,2022,Low
Uganda,2022-02-21,27.0,0.0,163179.0,14.0,35.285714285714285,0.9285714285714286,0.0,52.0,1,2022,Moderate
Uganda,2022-02-22,52.0,0.0,163231.0,27.0,27.285714285714285,0.9259259259259258,0.0,0.0,0,2022,Low
Uganda,2022-02-23,0.0,0.0,163231.0,52.0,22.857142857142858,-1.0,0.0,76.0,1,2022,Moderate
Uganda,2022-02-24,76.0,3.0,163307.0,0.0,29.714285714285715,0.0,0.03896103896103896,26.0,0,2022,Low
Uganda,2022-02-25,26.0,0.0,163333.0,76.0,31.0,-0.6578947368421053,0.0,9.0,0,2022,Low
Uganda,2022-02-26,9.0,0.0,163342.0,26.0,29.142857142857142,-0.6538461538461539,0.0,26.0,0,2022,Low
Uganda,2022-02-27,26.0,0.0,163368.0,9.0,30.857142857142858,1.8888888888888888,0.0,15.0,0,2022,Low
Uganda,2022-02-28,15.0,0.0,163383.0,26.0,29.142857142857142,-0.42307692307692313,0.0,22.0,0,2022,Low
Uganda,2022-03-01,22.0,2.0,163405.0,15.0,24.857142857142858,0.46666666666666656,0.08695652173913043,0.0,0,2022,Low
Uganda,2022-03-02,0.0,0.0,163405.0,22.0,24.857142857142858,-1.0,0.0,16.0,0,2022,Low
Uganda,2022-03-03,16.0,0.0,163421.0,0.0,16.285714285714285,0.0,0.0,19.0,0,2022,Low
Uganda,2022-03-04,19.0,0.0,163440.0,16.0,15.285714285714286,0.1875,0.0,14.0,0,2022,Low
Uganda,2022-03-05,14.0,0.0,163454.0,19.0,16.0,-0.26315789473684215,0.0,44.0,0,2022,Low
Uganda,2022-03-06,44.0,1.0,163498.0,14.0,18.571428571428573,2.142857142857143,0.022222222222222223,15.0,0,2022,Low
Uganda,2022-03-07,15.0,0.0,163513.0,44.0,18.571428571428573,-0.6590909090909092,0.0,16.0,0,2022,Low
Uganda,2022-03-08,16.0,1.0,163529.0,15.0,17.714285714285715,0.06666666666666665,0.058823529411764705,12.0,0,2022,Low
Uganda,2022-03-09,12.0,0.0,163541.0,16.0,19.428571428571427,-0.25,0.0,0.0,0,2022,Low
Uganda,2022-03-10,0.0,0.0,163541.0,12.0,17.142857142857142,-1.0,0.0,43.0,0,2022,Low
Uganda,2022-03-11,43.0,0.0,163584.0,0.0,20.571428571428573,0.0,0.0,13.0,0,2022,Low
Uganda,2022-03-12,13.0,0.0,163597.0,43.0,20.428571428571427,-0.6976744186046512,0.0,12.0,0,2022,Low
Uganda,2022-03-13,12.0,2.0,163609.0,13.0,15.857142857142858,-0.07692307692307687,0.15384615384615385,18.0,0,2022,Low
Uganda,2022-03-14,18.0,1.0,163627.0,12.0,16.285714285714285,0.5,0.05263157894736842,7.0,0,2022,Low
Uganda,2022-03-15,7.0,0.0,163634.0,18.0,15.0,-0.6111111111111112,0.0,12.0,0,2022,Low
Uganda,2022-03-16,12.0,0.0,163646.0,7.0,15.0,0.7142857142857142,0.0,43.0,0,2022,Low
Uganda,2022-03-17,43.0,0.0,163689.0,12.0,21.142857142857142,2.5833333333333335,0.0,0.0,0,2022,Low
Uganda,2022-03-18,0.0,0.0,163689.0,43.0,15.0,-1.0,0.0,0.0,0,2022,Low
Uganda,2022-03-19,0.0,0.0,163689.0,0.0,13.142857142857142,0.0,0.0,35.0,0,2022,Low
Uganda,2022-03-20,35.0,0.0,163724.0,0.0,16.428571428571427,0.0,0.0,14.0,0,2022,Low
Uganda,2022-03-21,14.0,0.0,163738.0,35.0,15.857142857142858,-0.6,0.0,13.0,0,2022,Low
Uganda,2022-03-22,13.0,0.0,163751.0,14.0,16.714285714285715,-0.0714285714285714,0.0,28.0,0,2022,Low
Uganda,2022-03-23,28.0,0.0,163779.0,13.0,19.0,1.1538461538461537,0.0,19.0,0,2022,Low
Uganda,2022-03-24,19.0,1.0,163798.0,28.0,15.571428571428571,-0.3214285714285714,0.05,7.0,0,2022,Low
Uganda,2022-03-25,7.0,0.0,163805.0,19.0,16.571428571428573,-0.631578947368421,0.0,9.0,0,2022,Low
Uganda,2022-03-26,9.0,0.0,163814.0,7.0,17.857142857142858,0.2857142857142858,0.0,14.0,0,2022,Low
Uganda,2022-03-27,14.0,0.0,163828.0,9.0,14.857142857142858,0.5555555555555556,0.0,13.0,0,2022,Low
Uganda,2022-03-28,13.0,0.0,163841.0,14.0,14.714285714285714,-0.0714285714285714,0.0,14.0,0,2022,Low
Uganda,2022-03-29,14.0,0.0,163855.0,13.0,14.857142857142858,0.07692307692307687,0.0,13.0,0,2022,Low
Uganda,2022-03-30,13.0,0.0,163868.0,14.0,12.714285714285714,-0.0714285714285714,0.0,4.0,0,2022,Low
Uganda,2022-03-31,4.0,0.0,163872.0,13.0,10.571428571428571,-0.6923076923076923,0.0,13.0,0,2022,Low
Uganda,2022-04-01,13.0,0.0,163885.0,4.0,11.428571428571429,2.25,0.0,2.0,0,2022,Low
Uganda,2022-04-02,2.0,0.0,163887.0,13.0,10.428571428571429,-0.8461538461538461,0.0,3.0,0,2022,Low
Uganda,2022-04-03,3.0,0.0,163890.0,2.0,8.857142857142858,0.5,0.0,18.0,0,2022,Low
Uganda,2022-04-04,18.0,0.0,163908.0,3.0,9.571428571428571,5.0,0.0,7.0,0,2022,Low
Uganda,2022-04-05,7.0,0.0,163915.0,18.0,8.571428571428571,-0.6111111111111112,0.0,0.0,0,2022,Low
Uganda,2022-04-06,0.0,0.0,163915.0,7.0,6.714285714285714,-1.0,0.0,14.0,0,2022,Low
Uganda,2022-04-07,14.0,0.0,163929.0,0.0,8.142857142857142,0.0,0.0,3.0,0,2022,Low
Uganda,2022-04-08,3.0,0.0,163932.0,14.0,6.714285714285714,-0.7857142857142857,0.0,0.0,0,2022,Low
Uganda,2022-04-09,0.0,0.0,163932.0,3.0,6.428571428571429,-1.0,0.0,12.0,0,2022,Low
Uganda,2022-04-10,12.0,1.0,163944.0,0.0,7.714285714285714,0.0,0.07692307692307693,11.0,0,2022,Low
Uganda,2022-04-11,11.0,0.0,163955.0,12.0,6.714285714285714,-0.08333333333333337,0.0,23.0,0,2022,Low
Uganda,2022-04-12,23.0,0.0,163978.0,11.0,9.0,1.0909090909090908,0.0,9.0,0,2022,Low
Uganda,2022-04-13,9.0,0.0,163987.0,23.0,10.285714285714286,-0.6086956521739131,0.0,4.0,0,2022,Low
Uganda,2022-04-14,4.0,0.0,163991.0,9.0,8.857142857142858,-0.5555555555555556,0.0,3.0,0,2022,Low
Uganda,2022-04-15,3.0,0.0,163994.0,4.0,8.857142857142858,-0.25,0.0,11.0,0,2022,Low
Uganda,2022-04-16,11.0,0.0,164005.0,3.0,10.428571428571429,2.6666666666666665,0.0,0.0,0,2022,Low
Uganda,2022-04-17,0.0,0.0,164005.0,11.0,8.714285714285714,-1.0,0.0,19.0,0,2022,Low
Uganda,2022-04-18,19.0,0.0,164024.0,0.0,9.857142857142858,0.0,0.0,7.0,0,2022,Low
Uganda,2022-04-19,7.0,0.0,164031.0,19.0,7.571428571428571,-0.631578947368421,0.0,7.0,0,2022,Low
Uganda,2022-04-20,7.0,0.0,164038.0,7.0,7.285714285714286,0.0,0.0,10.0,0,2022,Low
Uganda,2022-04-21,10.0,0.0,164048.0,7.0,8.142857142857142,0.4285714285714286,0.0,6.0,0,2022,Low
Uganda,2022-04-22,6.0,0.0,164054.0,10.0,8.571428571428571,-0.4,0.0,4.0,0,2022,Low
Uganda,2022-04-23,4.0,0.0,164058.0,6.0,7.571428571428571,-0.33333333333333337,0.0,7.0,0,2022,Low
Uganda,2022-04-24,7.0,0.0,164065.0,4.0,8.571428571428571,0.75,0.0,4.0,0,2022,Low
Uganda,2022-04-25,4.0,0.0,164069.0,7.0,6.428571428571429,-0.4285714285714286,0.0,15.0,0,2022,Low
Uganda,2022-04-26,15.0,0.0,164084.0,4.0,7.571428571428571,2.75,0.0,20.0,0,2022,Low
Uganda,2022-04-27,20.0,0.0,164104.0,15.0,9.428571428571429,0.33333333333333326,0.0,0.0,0,2022,Low
Uganda,2022-04-28,0.0,0.0,164104.0,20.0,8.0,-1.0,0.0,0.0,0,2022,Low
Uganda,2022-04-29,0.0,0.0,164104.0,0.0,7.142857142857143,0.0,0.0,11.0,0,2022,Low
Uganda,2022-04-30,11.0,1.0,164115.0,0.0,8.142857142857142,0.0,0.08333333333333333,3.0,0,2022,Low
Uganda,2022-05-01,3.0,0.0,164118.0,11.0,7.571428571428571,-0.7272727272727273,0.0,6.0,0,2022,Low
Uganda,2022-05-02,6.0,0.0,164124.0,3.0,7.857142857142857,1.0,0.0,10.0,0,2022,Low
Uganda,2022-05-03,10.0,0.0,164134.0,6.0,7.142857142857143,0.6666666666666667,0.0,3.0,0,2022,Low
Uganda,2022-05-04,3.0,0.0,164137.0,10.0,4.714285714285714,-0.7,0.0,12.0,0,2022,Low
Uganda,2022-05-05,12.0,0.0,164149.0,3.0,6.428571428571429,3.0,0.0,0.0,0,2022,Low
Uganda,2022-05-06,0.0,0.0,164149.0,12.0,6.428571428571429,-1.0,0.0,4.0,0,2022,Low
Uganda,2022-05-07,4.0,0.0,164153.0,0.0,5.428571428571429,0.0,0.0,6.0,0,2022,Low
Uganda,2022-05-08,6.0,0.0,164159.0,4.0,5.857142857142857,0.5,0.0,8.0,0,2022,Low
Uganda,2022-05-09,8.0,0.0,164167.0,6.0,6.142857142857143,0.33333333333333326,0.0,118.0,1,2022,Moderate
Uganda,2022-05-10,118.0,0.0,164285.0,8.0,21.571428571428573,13.75,0.0,0.0,0,2022,Low
Uganda,2022-05-11,0.0,0.0,164195.0,118.0,21.142857142857142,-1.0,0.0,18.0,0,2022,Low
Uganda,2022-05-12,18.0,0.0,164213.0,0.0,22.0,0.0,0.0,2.0,0,2022,Low
Uganda,2022-05-13,2.0,0.0,164215.0,18.0,22.285714285714285,-0.8888888888888888,0.0,4.0,0,2022,Low
Uganda,2022-05-14,4.0,0.0,164219.0,2.0,22.285714285714285,1.0,0.0,14.0,0,2022,Low
Uganda,2022-05-15,14.0,0.0,164233.0,4.0,23.428571428571427,2.5,0.0,7.0,0,2022,Low
Uganda,2022-05-16,7.0,0.0,164240.0,14.0,23.285714285714285,-0.5,0.0,10.0,0,2022,Low
Uganda,2022-05-17,10.0,0.0,164250.0,7.0,7.857142857142857,0.4285714285714286,0.0,42.0,0,2022,Low
Uganda,2022-05-18,42.0,2.0,164292.0,10.0,13.857142857142858,3.2,0.046511627906976744,20.0,0,2022,Low
Uganda,2022-05-19,20.0,0.0,164312.0,42.0,14.142857142857142,-0.5238095238095238,0.0,19.0,0,2022,Low
Uganda,2022-05-20,19.0,0.0,164331.0,20.0,16.571428571428573,-0.050000000000000044,0.0,5.0,0,2022,Low
Uganda,2022-05-21,5.0,2.0,164336.0,19.0,16.714285714285715,-0.736842105263158,0.3333333333333333,30.0,0,2022,Low
Uganda,2022-05-22,30.0,0.0,164366.0,5.0,19.0,5.0,0.0,0.0,0,2022,Low
Uganda,2022-05-23,0.0,0.0,164366.0,30.0,18.0,-1.0,0.0,46.0,0,2022,Low
Uganda,2022-05-24,46.0,0.0,164412.0,0.0,23.142857142857142,0.0,0.0,0.0,0,2022,Low
Uganda,2022-05-25,0.0,0.0,164412.0,46.0,17.142857142857142,-1.0,0.0,0.0,0,2022,Low
Uganda,2022-05-26,0.0,0.0,164412.0,0.0,14.285714285714286,0.0,0.0,0.0,0,2022,Low
Uganda,2022-05-27,0.0,0.0,164412.0,0.0,11.571428571428571,0.0,0.0,0.0,0,2022,Low
Uganda,2022-05-28,0.0,0.0,164412.0,0.0,10.857142857142858,0.0,0.0,0.0,0,2022,Low
Uganda,2022-05-29,0.0,0.0,164412.0,0.0,6.571428571428571,0.0,0.0,0.0,0,2022,Low
Uganda,2022-05-30,0.0,0.0,164412.0,0.0,6.571428571428571,0.0,0.0,0.0,0,2022,Low
Uganda,2022-05-31,0.0,0.0,164412.0,0.0,0.0,0.0,0.0,178.0,1,2022,Moderate
Uganda,2022-06-01,178.0,0.0,164590.0,0.0,25.428571428571427,0.0,0.0,51.0,1,2022,Moderate
Uganda,2022-06-02,51.0,0.0,164641.0,178.0,32.714285714285715,-0.7134831460674158,0.0,38.0,0,2022,Low
Uganda,2022-06-03,38.0,0.0,164679.0,51.0,38.142857142857146,-0.2549019607843137,0.0,35.0,0,2022,Low
Uganda,2022-06-04,35.0,0.0,164714.0,38.0,43.142857142857146,-0.07894736842105265,0.0,34.0,0,2022,Low
Uganda,2022-06-05,34.0,0.0,164748.0,35.0,48.0,-0.02857142857142858,0.0,193.0,1,2022,Moderate
Uganda,2022-06-06,193.0,1.0,164941.0,34.0,75.57142857142857,4.676470588235294,0.005154639175257732,0.0,0,2022,Low
Uganda,2022-06-07,0.0,0.0,164941.0,193.0,75.57142857142857,-1.0,0.0,194.0,1,2022,Moderate
Uganda,2022-06-08,194.0,1.0,165135.0,0.0,77.85714285714286,0.0,0.005128205128205128,116.0,1,2022,Moderate
Uganda,2022-06-09,116.0,1.0,165251.0,194.0,87.14285714285714,-0.4020618556701031,0.008547008547008548,0.0,0,2022,Low
Uganda,2022-06-10,0.0,0.0,165251.0,116.0,81.71428571428571,-1.0,0.0,82.0,1,2022,Moderate
Uganda,2022-06-11,82.0,0.0,165333.0,0.0,88.42857142857143,0.0,0.0,0.0,0,2022,Low
Uganda,2022-06-12,0.0,0.0,165333.0,82.0,83.57142857142857,-1.0,0.0,274.0,2,2022,High
Uganda,2022-06-13,274.0,8.0,165607.0,0.0,95.14285714285714,0.0,0.02909090909090909,0.0,0,2022,Low
Uganda,2022-06-14,0.0,0.0,165607.0,274.0,95.14285714285714,-1.0,0.0,132.0,1,2022,Moderate
Uganda,2022-06-15,132.0,0.0,165739.0,0.0,86.28571428571429,0.0,0.0,84.0,1,2022,Moderate
Uganda,2022-06-16,84.0,1.0,165823.0,132.0,81.71428571428571,-0.36363636363636365,0.011764705882352941,111.0,1,2022,Moderate
Uganda,2022-06-17,111.0,1.0,165934.0,84.0,97.57142857142857,0.3214285714285714,0.008928571428571428,34.0,0,2022,Low
Uganda,2022-06-18,34.0,0.0,165968.0,111.0,90.71428571428571,-0.6936936936936937,0.0,42.0,0,2022,Low
Uganda,2022-06-19,42.0,3.0,166010.0,34.0,96.71428571428571,0.23529411764705888,0.06976744186046512,221.0,2,2022,High
Uganda,2022-06-20,221.0,0.0,166231.0,42.0,89.14285714285714,4.261904761904762,0.0,0.0,0,2022,Low
Uganda,2022-06-21,0.0,0.0,166231.0,221.0,89.14285714285714,-1.0,0.0,84.0,1,2022,Moderate
Uganda,2022-06-22,84.0,0.0,166315.0,0.0,82.28571428571429,0.0,0.0,0.0,0,2022,Low
Uganda,2022-06-23,0.0,0.0,166315.0,84.0,70.28571428571429,-1.0,0.0,151.0,1,2022,Moderate
Uganda,2022-06-24,151.0,2.0,166466.0,0.0,76.0,0.0,0.013157894736842105,59.0,1,2022,Moderate
Uganda,2022-06-25,59.0,0.0,166525.0,151.0,79.57142857142857,-0.609271523178808,0.0,47.0,0,2022,Low
Uganda,2022-06-26,47.0,0.0,166572.0,59.0,80.28571428571429,-0.2033898305084746,0.0,88.0,1,2022,Moderate
Uganda,2022-06-27,88.0,0.0,166660.0,47.0,61.285714285714285,0.8723404255319149,0.0,160.0,1,2022,Moderate
Uganda,2022-06-28,160.0,0.0,166820.0,88.0,84.14285714285714,0.8181818181818181,0.0,70.0,1,2022,Moderate
Uganda,2022-06-29,70.0,0.0,166890.0,160.0,82.14285714285714,-0.5625,0.0,59.0,1,2022,Moderate
Uganda,2022-06-30,59.0,0.0,166949.0,70.0,90.57142857142857,-0.15714285714285714,0.0,44.0,0,2022,Low
Uganda,2022-07-01,44.0,0.0,166993.0,59.0,75.28571428571429,-0.2542372881355932,0.0,30.0,0,2022,Low
Uganda,2022-07-02,30.0,0.0,167023.0,44.0,71.14285714285714,-0.31818181818181823,0.0,69.0,1,2022,Moderate
Uganda,2022-07-03,69.0,1.0,167092.0,30.0,74.28571428571429,1.2999999999999998,0.014285714285714285,91.0,1,2022,Moderate
Uganda,2022-07-04,91.0,0.0,167183.0,69.0,74.71428571428571,0.318840579710145,0.0,58.0,1,2022,Moderate
Uganda,2022-07-05,58.0,0.0,167241.0,91.0,60.142857142857146,-0.3626373626373627,0.0,0.0,0,2022,Low
Uganda,2022-07-06,0.0,5.0,167241.0,58.0,50.142857142857146,-1.0,5.0,0.0,0,2022,Low
Uganda,2022-07-07,0.0,0.0,167241.0,0.0,41.714285714285715,0.0,0.0,167.0,1,2022,Moderate
Uganda,2022-07-08,167.0,0.0,167408.0,0.0,59.285714285714285,0.0,0.0,103.0,1,2022,Moderate
Uganda,2022-07-09,103.0,0.0,167511.0,167.0,69.71428571428571,-0.38323353293413176,0.0,0.0,0,2022,Low
Uganda,2022-07-10,0.0,0.0,167511.0,103.0,59.857142857142854,-1.0,0.0,72.0,1,2022,Moderate
Uganda,2022-07-11,72.0,0.0,167583.0,0.0,57.142857142857146,0.0,0.0,60.0,1,2022,Moderate
Uganda,2022-07-12,60.0,0.0,167643.0,72.0,57.42857142857143,-0.16666666666666663,0.0,95.0,1,2022,Moderate
Uganda,2022-07-13,95.0,0.0,167738.0,60.0,71.0,0.5833333333333333,0.0,39.0,0,2022,Low
Uganda,2022-07-14,39.0,0.0,167777.0,95.0,76.57142857142857,-0.5894736842105264,0.0,13.0,0,2022,Low
Uganda,2022-07-15,13.0,0.0,167790.0,39.0,54.57142857142857,-0.6666666666666667,0.0,25.0,0,2022,Low
Uganda,2022-07-16,25.0,0.0,167815.0,13.0,43.42857142857143,0.9230769230769231,0.0,44.0,0,2022,Low
Uganda,2022-07-17,44.0,0.0,167859.0,25.0,49.714285714285715,0.76,0.0,42.0,0,2022,Low
Uganda,2022-07-18,42.0,0.0,167901.0,44.0,45.42857142857143,-0.045454545454545414,0.0,32.0,0,2022,Low
Uganda,2022-07-19,32.0,0.0,167933.0,42.0,41.42857142857143,-0.23809523809523814,0.0,59.0,1,2022,Moderate
Uganda,2022-07-20,59.0,1.0,167992.0,32.0,36.285714285714285,0.84375,0.016666666666666666,21.0,0,2022,Low
Uganda,2022-07-21,21.0,0.0,168013.0,59.0,33.714285714285715,-0.6440677966101696,0.0,21.0,0,2022,Low
Uganda,2022-07-22,21.0,0.0,168034.0,21.0,34.857142857142854,0.0,0.0,109.0,1,2022,Moderate
Uganda,2022-07-23,109.0,0.0,168143.0,21.0,46.857142857142854,4.190476190476191,0.0,38.0,0,2022,Low
Uganda,2022-07-24,38.0,0.0,168181.0,109.0,46.0,-0.6513761467889908,0.0,27.0,0,2022,Low
Uganda,2022-07-25,27.0,0.0,168208.0,38.0,43.857142857142854,-0.2894736842105263,0.0,41.0,0,2022,Low
Uganda,2022-07-26,41.0,0.0,168249.0,27.0,45.142857142857146,0.5185185185185186,0.0,20.0,0,2022,Low
Uganda,2022-07-27,20.0,0.0,168269.0,41.0,39.57142857142857,-0.5121951219512195,0.0,39.0,0,2022,Low
Uganda,2022-07-28,39.0,0.0,168308.0,20.0,42.142857142857146,0.95,0.0,30.0,0,2022,Low
Uganda,2022-07-29,30.0,0.0,168338.0,39.0,43.42857142857143,-0.23076923076923073,0.0,21.0,0,2022,Low
Uganda,2022-07-30,21.0,0.0,168359.0,30.0,30.857142857142858,-0.30000000000000004,0.0,31.0,0,2022,Low
Uganda,2022-07-31,31.0,0.0,168390.0,21.0,29.857142857142858,0.4761904761904763,0.0,25.0,0,2022,Low
Uganda,2022-08-01,25.0,0.0,168415.0,31.0,29.571428571428573,-0.19354838709677424,0.0,21.0,0,2022,Low
Uganda,2022-08-02,21.0,0.0,168436.0,25.0,26.714285714285715,-0.16000000000000003,0.0,15.0,0,2022,Low
Uganda,2022-08-03,15.0,0.0,168451.0,21.0,26.0,-0.2857142857142857,0.0,24.0,0,2022,Low
Uganda,2022-08-04,24.0,0.0,168475.0,15.0,23.857142857142858,0.6000000000000001,0.0,26.0,0,2022,Low
Uganda,2022-08-05,26.0,0.0,168501.0,24.0,23.285714285714285,0.08333333333333326,0.0,0.0,0,2022,Low
Uganda,2022-08-06,0.0,0.0,168501.0,26.0,20.285714285714285,-1.0,0.0,44.0,0,2022,Low
Uganda,2022-08-07,44.0,0.0,168545.0,0.0,22.142857142857142,0.0,0.0,56.0,1,2022,Moderate
Uganda,2022-08-08,56.0,0.0,168601.0,44.0,26.571428571428573,0.2727272727272727,0.0,0.0,0,2022,Low
Uganda,2022-08-09,0.0,0.0,168601.0,56.0,23.571428571428573,-1.0,0.0,35.0,0,2022,Low
Uganda,2022-08-10,35.0,0.0,168636.0,0.0,26.428571428571427,0.0,0.0,16.0,0,2022,Low
Uganda,2022-08-11,16.0,0.0,168652.0,35.0,25.285714285714285,-0.5428571428571429,0.0,3.0,0,2022,Low
Uganda,2022-08-12,3.0,0.0,168655.0,16.0,22.0,-0.8125,0.0,26.0,0,2022,Low
Uganda,2022-08-13,26.0,0.0,168681.0,3.0,25.714285714285715,7.666666666666666,0.0,19.0,0,2022,Low
Uganda,2022-08-14,19.0,0.0,168700.0,26.0,22.142857142857142,-0.2692307692307693,0.0,6.0,0,2022,Low
Uganda,2022-08-15,6.0,0.0,168706.0,19.0,15.0,-0.6842105263157895,0.0,25.0,0,2022,Low
Uganda,2022-08-16,25.0,0.0,168731.0,6.0,18.571428571428573,3.166666666666667,0.0,10.0,0,2022,Low
Uganda,2022-08-17,10.0,0.0,168741.0,25.0,15.0,-0.6,0.0,12.0,0,2022,Low
Uganda,2022-08-18,12.0,0.0,168753.0,10.0,14.428571428571429,0.19999999999999996,0.0,13.0,0,2022,Low
Uganda,2022-08-19,13.0,0.0,168766.0,12.0,15.857142857142858,0.08333333333333326,0.0,6.0,0,2022,Low
Uganda,2022-08-20,6.0,0.0,168772.0,13.0,13.0,-0.5384615384615384,0.0,11.0,0,2022,Low
Uganda,2022-08-21,11.0,1.0,168783.0,6.0,11.857142857142858,0.8333333333333333,0.08333333333333333,13.0,0,2022,Low
Uganda,2022-08-22,13.0,0.0,168796.0,11.0,12.857142857142858,0.18181818181818188,0.0,14.0,0,2022,Low
Uganda,2022-08-23,14.0,0.0,168810.0,13.0,11.285714285714286,0.07692307692307687,0.0,26.0,0,2022,Low
Uganda,2022-08-24,26.0,0.0,168836.0,14.0,13.571428571428571,0.8571428571428572,0.0,44.0,0,2022,Low
Uganda,2022-08-25,44.0,0.0,168880.0,26.0,18.142857142857142,0.6923076923076923,0.0,11.0,0,2022,Low
Uganda,2022-08-26,11.0,0.0,168891.0,44.0,17.857142857142858,-0.75,0.0,0.0,0,2022,Low
Uganda,2022-08-27,0.0,0.0,168891.0,11.0,17.0,-1.0,0.0,19.0,0,2022,Low
Uganda,2022-08-28,19.0,0.0,168910.0,0.0,18.142857142857142,0.0,0.0,7.0,0,2022,Low
Uganda,2022-08-29,7.0,0.0,168917.0,19.0,17.285714285714285,-0.631578947368421,0.0,6.0,0,2022,Low
Uganda,2022-08-30,6.0,0.0,168923.0,7.0,16.142857142857142,-0.1428571428571429,0.0,5.0,0,2022,Low
Uganda,2022-08-31,5.0,0.0,168928.0,6.0,13.142857142857142,-0.16666666666666663,0.0,5.0,0,2022,Low
Uganda,2022-09-01,5.0,0.0,168933.0,5.0,7.571428571428571,0.0,0.0,4.0,0,2022,Low
Uganda,2022-09-02,4.0,0.0,168937.0,5.0,6.571428571428571,-0.19999999999999996,0.0,3.0,0,2022,Low
Uganda,2022-09-03,3.0,0.0,168940.0,4.0,7.0,-0.25,0.0,13.0,0,2022,Low
Uganda,2022-09-04,13.0,0.0,168953.0,3.0,6.142857142857143,3.333333333333333,0.0,15.0,0,2022,Low
Uganda,2022-09-05,15.0,0.0,168968.0,13.0,7.285714285714286,0.15384615384615374,0.0,6.0,0,2022,Low
Uganda,2022-09-06,6.0,0.0,168974.0,15.0,7.285714285714286,-0.6,0.0,0.0,0,2022,Low
Uganda,2022-09-07,0.0,0.0,168974.0,6.0,6.571428571428571,-1.0,0.0,8.0,0,2022,Low
Uganda,2022-09-08,8.0,0.0,168982.0,0.0,7.0,0.0,0.0,11.0,0,2022,Low
Uganda,2022-09-09,11.0,0.0,168993.0,8.0,8.0,0.375,0.0,8.0,0,2022,Low
Uganda,2022-09-10,8.0,0.0,169001.0,11.0,8.714285714285714,-0.2727272727272727,0.0,0.0,0,2022,Low
Uganda,2022-09-11,0.0,0.0,169001.0,8.0,6.857142857142857,-1.0,0.0,0.0,0,2022,Low
Uganda,2022-09-12,0.0,0.0,169001.0,0.0,4.714285714285714,0.0,0.0,0.0,0,2022,Low
Uganda,2022-09-13,0.0,0.0,169001.0,0.0,3.857142857142857,0.0,0.0,0.0,0,2022,Low
