country_name,date,new_confirmed,new_deceased,cumulative_confirmed
Uganda,2020-01-01,0,0,0
Uganda,2020-01-02,1,1,1
Uganda,2020-01-03,0,0,1
Uganda,2020-01-04,0,0,1
Uganda,2020-01-05,0,0,1
Uganda,2020-01-06,0,0,1
Uganda,2020-01-07,0,0,1
Uganda,2020-01-08,0,0,1
Uganda,2020-01-09,0,0,1
Uganda,2020-01-10,0,0,1
Uganda,2020-01-11,0,0,1
Uganda,2020-01-12,0,0,1
Uganda,2020-01-13,0,0,1
Uganda,2020-01-14,0,0,1
Uganda,2020-01-15,0,0,1
Uganda,2020-01-16,0,0,1
Uganda,2020-01-17,0,0,1
Uganda,2020-01-18,0,0,1
Uganda,2020-01-19,0,0,1
Uganda,2020-01-20,0,0,1
Uganda,2020-01-21,0,0,1
Uganda,2020-01-22,0,0,1
Uganda,2020-01-23,0,0,1
Uganda,2020-01-24,0,0,1
Uganda,2020-01-25,0,0,1
Uganda,2020-01-26,0,0,1
Uganda,2020-01-27,0,0,1
Uganda,2020-01-28,0,0,1
Uganda,2020-01-29,0,0,1
Uganda,2020-01-30,0,0,1
Uganda,2020-01-31,0,0,1
Uganda,2020-02-01,0,0,1
Uganda,2020-02-02,0,0,1
Uganda,2020-02-03,0,0,1
Uganda,2020-02-04,0,0,1
Uganda,2020-02-05,0,0,1
Uganda,2020-02-06,0,0,1
Uganda,2020-02-07,0,0,1
Uganda,2020-02-08,0,0,1
Uganda,2020-02-09,0,0,1
Uganda,2020-02-10,0,0,1
Uganda,2020-02-11,0,0,1
Uganda,2020-02-12,0,0,1
Uganda,2020-02-13,0,0,1
Uganda,2020-02-14,0,0,1
Uganda,2020-02-15,0,0,1
Uganda,2020-02-16,0,0,1
Uganda,2020-02-17,0,0,1
Uganda,2020-02-18,0,0,1
Uganda,2020-02-19,0,0,1
Uganda,2020-02-20,0,0,1
Uganda,2020-02-21,0,0,1
Uganda,2020-02-22,0,0,1
Uganda,2020-02-23,0,0,1
Uganda,2020-02-24,0,0,1
Uganda,2020-02-25,0,0,1
Uganda,2020-02-26,0,0,1
Uganda,2020-02-27,0,0,1
Uganda,2020-02-28,0,0,1
Uganda,2020-02-29,0,0,1
Uganda,2020-03-01,0,0,1
Uganda,2020-03-02,0,0,1
Uganda,2020-03-03,0,0,1
Uganda,2020-03-04,0,0,1
Uganda,2020-03-05,0,0,1
Uganda,2020-03-06,0,0,1
Uganda,2020-03-07,0,0,1
Uganda,2020-03-08,0,0,1
Uganda,2020-03-09,0,0,1
Uganda,2020-03-10,0,0,1
Uganda,2020-03-11,0,0,1
Uganda,2020-03-12,0,0,1
Uganda,2020-03-13,0,0,1
Uganda,2020-03-14,0,0,1
Uganda,2020-03-15,0,0,1
Uganda,2020-03-16,0,0,1
Uganda,2020-03-17,0,0,1
Uganda,2020-03-18,0,0,1
Uganda,2020-03-19,0,0,1
Uganda,2020-03-20,0,0,1
Uganda,2020-03-21,0,0,1
Uganda,2020-03-22,8,0,9
Uganda,2020-03-23,0,0,9
Uganda,2020-03-24,3,0,12
Uganda,2020-03-25,4,0,16
Uganda,2020-03-26,4,0,20
Uganda,2020-03-27,7,0,27
Uganda,2020-03-28,3,0,30
Uganda,2020-03-29,0,0,30
Uganda,2020-03-30,11,0,41
Uganda,2020-03-31,0,0,41
Uganda,2020-04-01,1,0,42
Uganda,2020-04-02,1,0,43
Uganda,2020-04-03,0,0,43
Uganda,2020-04-04,4,0,47
Uganda,2020-04-05,0,0,47
Uganda,2020-04-06,0,0,47
Uganda,2020-04-07,1,0,48
Uganda,2020-04-08,0,0,48
Uganda,2020-04-09,0,0,48
Uganda,2020-04-10,0,0,48
Uganda,2020-04-11,1,0,49
Uganda,2020-04-12,0,0,49
Uganda,2020-04-13,1,0,50
Uganda,2020-04-14,0,0,50
Uganda,2020-04-15,0,0,50
Uganda,2020-04-16,0,0,50
Uganda,2020-04-17,0,0,50
Uganda,2020-04-18,0,0,50
Uganda,2020-04-19,0,0,50
Uganda,2020-04-20,0,0,50
Uganda,2020-04-21,0,0,50
Uganda,2020-04-22,0,0,50
Uganda,2020-04-23,1,0,51
Uganda,2020-04-24,0,0,51
Uganda,2020-04-25,0,0,51
Uganda,2020-04-26,0,0,51
Uganda,2020-04-27,0,0,51
Uganda,2020-04-28,1,0,52
Uganda,2020-04-29,0,0,52
Uganda,2020-04-30,1,0,53
Uganda,2020-05-01,1,0,54
Uganda,2020-05-02,0,0,54
Uganda,2020-05-03,3,0,57
Uganda,2020-05-04,0,0,57
Uganda,2020-05-05,0,0,57
Uganda,2020-05-06,0,0,57
Uganda,2020-05-07,3,0,60
Uganda,2020-05-08,1,0,61
Uganda,2020-05-09,2,0,63
Uganda,2020-05-10,1,0,64
Uganda,2020-05-11,2,0,66
Uganda,2020-05-12,6,0,72
Uganda,2020-05-13,5,0,77
Uganda,2020-05-14,17,0,94
Uganda,2020-05-15,4,0,98
Uganda,2020-05-16,21,0,119
Uganda,2020-05-17,12,0,131
Uganda,2020-05-18,4,0,135
Uganda,2020-05-19,10,0,145
Uganda,2020-05-20,15,0,160
Uganda,2020-05-21,13,0,173
Uganda,2020-05-22,25,0,198
Uganda,2020-05-23,14,0,212
Uganda,2020-05-24,10,0,222
Uganda,2020-05-25,31,0,253
Uganda,2020-05-26,28,0,281
Uganda,2020-05-27,34,0,315
Uganda,2020-05-28,12,0,327
Uganda,2020-05-29,83,0,410
Uganda,2020-05-30,43,0,453
Uganda,2020-05-31,30,0,483
Uganda,2020-06-01,17,0,500
Uganda,2020-06-02,15,0,515
Uganda,2020-06-03,33,0,548
Uganda,2020-06-04,35,0,583
Uganda,2020-06-05,23,0,606
Uganda,2020-06-06,29,0,635
Uganda,2020-06-07,11,0,646
Uganda,2020-06-08,8,0,654
Uganda,2020-06-09,14,0,668
Uganda,2020-06-10,7,0,675
Uganda,2020-06-11,8,0,683
Uganda,2020-06-12,11,0,694
Uganda,2020-06-13,9,0,703
Uganda,2020-06-14,19,0,722
Uganda,2020-06-15,8,0,730
Uganda,2020-06-16,9,0,739
Uganda,2020-06-17,14,0,753
Uganda,2020-06-18,8,0,761
Uganda,2020-06-19,7,0,768
Uganda,2020-06-20,4,0,772
Uganda,2020-06-21,23,0,795
Uganda,2020-06-22,8,0,803
Uganda,2020-06-23,16,0,819
Uganda,2020-06-24,12,0,831
Uganda,2020-06-25,15,0,846
Uganda,2020-06-26,11,0,857
Uganda,2020-06-27,11,0,868
Uganda,2020-06-28,19,0,887
Uganda,2020-06-29,4,0,891
Uganda,2020-06-30,9,0,900
Uganda,2020-07-01,9,0,909
Uganda,2020-07-02,16,0,925
Uganda,2020-07-03,12,0,937
Uganda,2020-07-04,14,0,951
Uganda,2020-07-05,18,0,969
Uganda,2020-07-06,6,0,975
Uganda,2020-07-07,23,0,998
Uganda,2020-07-08,6,0,1004
Uganda,2020-07-09,7,0,1011
Uganda,2020-07-10,12,0,1023
Uganda,2020-07-11,4,0,1027
Uganda,2020-07-12,11,0,1038
Uganda,2020-07-13,3,0,1041
Uganda,2020-07-14,8,0,1049
Uganda,2020-07-15,5,0,1054
Uganda,2020-07-16,6,0,1060
Uganda,2020-07-17,3,0,1063
Uganda,2020-07-18,4,0,1067
Uganda,2020-07-19,3,0,1070
Uganda,2020-07-20,3,0,1073
Uganda,2020-07-21,4,0,1077
Uganda,2020-07-22,12,0,1089
Uganda,2020-07-23,14,1,1103
Uganda,2020-07-24,12,0,1115
Uganda,2020-07-25,13,0,1128
Uganda,2020-07-26,7,0,1135
Uganda,2020-07-27,5,0,1140
Uganda,2020-07-28,7,1,1147
Uganda,2020-07-29,7,0,1154
Uganda,2020-07-30,22,1,1176
Uganda,2020-07-31,6,0,1182
Uganda,2020-08-01,13,1,1195
Uganda,2020-08-02,8,0,1203
Uganda,2020-08-03,10,0,1213
Uganda,2020-08-04,10,0,1223
Uganda,2020-08-05,31,1,1254
Uganda,2020-08-06,13,0,1267
Uganda,2020-08-07,16,1,1283
Uganda,2020-08-08,14,4,1297
Uganda,2020-08-09,16,1,1313
Uganda,2020-08-10,19,1,1332
Uganda,2020-08-11,21,2,1353
Uganda,2020-08-12,32,1,1385
Uganda,2020-08-13,49,1,1434
Uganda,2020-08-14,66,1,1500
Uganda,2020-08-15,60,0,1560
Uganda,2020-08-16,43,2,1603
Uganda,2020-08-17,53,1,1656
Uganda,2020-08-18,94,2,1750
Uganda,2020-08-19,98,1,1848
Uganda,2020-08-20,318,1,2166
Uganda,2020-08-21,97,0,2263
Uganda,2020-08-22,99,2,2362
Uganda,2020-08-23,64,2,2426
Uganda,2020-08-24,98,0,2524
Uganda,2020-08-25,155,2,2679
Uganda,2020-08-26,77,2,2756
Uganda,2020-08-27,91,1,2847
Uganda,2020-08-28,81,2,2928
Uganda,2020-08-29,44,0,2972
Uganda,2020-08-30,64,1,3036
Uganda,2020-08-31,76,1,3112
Uganda,2020-09-01,176,1,3288
Uganda,2020-09-02,65,5,3353
Uganda,2020-09-03,186,4,3539
Uganda,2020-09-04,128,3,3667
Uganda,2020-09-05,109,1,3776
Uganda,2020-09-06,124,2,3900
Uganda,2020-09-07,201,2,4101
Uganda,2020-09-08,190,1,4291
Uganda,2020-09-09,86,1,4377
Uganda,2020-09-10,326,3,4703
Uganda,2020-09-11,96,1,4799
Uganda,2020-09-12,179,6,4978
Uganda,2020-09-13,145,4,5123
Uganda,2020-09-14,143,0,5266
Uganda,2020-09-15,114,1,5380
Uganda,2020-09-16,214,0,5594
Uganda,2020-09-17,423,1,6017
Uganda,2020-09-18,270,1,6287
Uganda,2020-09-19,181,2,6468
Uganda,2020-09-20,244,3,6712
Uganda,2020-09-21,167,1,6879
Uganda,2020-09-22,185,1,7064
Uganda,2020-09-23,154,0,7218
Uganda,2020-09-24,146,1,7364
Uganda,2020-09-25,166,0,7530
Uganda,2020-09-26,247,1,7777
Uganda,2020-09-27,240,0,8017
Uganda,2020-09-28,112,0,8129
Uganda,2020-09-29,158,2,8287
Uganda,2020-09-30,204,5,8491
Uganda,2020-10-01,171,4,8662
Uganda,2020-10-02,146,3,8808
Uganda,2020-10-03,157,1,8965
Uganda,2020-10-04,117,0,9082
Uganda,2020-10-05,178,1,9260
Uganda,2020-10-06,182,1,9442
Uganda,2020-10-07,96,5,9538
Uganda,2020-10-08,163,2,9701
Uganda,2020-10-09,100,2,9801
Uganda,2020-10-10,63,1,9864
Uganda,2020-10-11,81,0,9945
Uganda,2020-10-12,124,1,10069
Uganda,2020-10-13,48,0,10117
Uganda,2020-10-14,217,0,10334
Uganda,2020-10-15,121,4,10455
Uganda,2020-10-16,135,2,10590
Uganda,2020-10-17,101,1,10691
Uganda,2020-10-18,97,1,10788
Uganda,2020-10-19,145,0,10933
Uganda,2020-10-20,108,2,11041
Uganda,2020-10-21,122,3,11163
Uganda,2020-10-22,134,3,11297
Uganda,2020-10-23,146,1,11443
Uganda,2020-10-24,114,2,11557
Uganda,2020-10-25,64,1,11621
Uganda,2020-10-26,146,3,11767
Uganda,2020-10-27,434,2,12201
Uganda,2020-10-28,209,0,12410
Uganda,2020-10-29,85,1,12495
Uganda,2020-10-30,248,2,12743
Uganda,2020-10-31,228,1,12971
Uganda,2020-11-01,128,4,13099
Uganda,2020-11-02,252,7,13351
Uganda,2020-11-03,217,5,13568
Uganda,2020-11-04,284,4,13852
Uganda,2020-11-05,214,3,14066
Uganda,2020-11-06,339,3,14405
Uganda,2020-11-07,170,2,14575
Uganda,2020-11-08,129,1,14704
Uganda,2020-11-09,289,1,14993
Uganda,2020-11-10,224,4,15217
Uganda,2020-11-11,185,2,15402
Uganda,2020-11-12,387,3,15789
Uganda,2020-11-13,231,0,16020
Uganda,2020-11-14,238,1,16258
Uganda,2020-11-15,306,3,16564
Uganda,2020-11-16,342,5,16906
Uganda,2020-11-17,243,3,17149
Uganda,2020-11-18,283,5,17432
Uganda,2020-11-19,236,2,17668
Uganda,2020-11-20,301,4,17969
Uganda,2020-11-21,197,1,18166
Uganda,2020-11-22,241,7,18407
Uganda,2020-11-23,484,2,18891
Uganda,2020-11-24,225,3,19116
Uganda,2020-11-25,474,3,19590
Uganda,2020-11-26,355,4,19945
Uganda,2020-11-27,202,3,20147
Uganda,2020-11-28,313,5,20460
Uganda,2020-11-29,576,5,21036
Uganda,2020-11-30,374,1,21410
Uganda,2020-12-01,203,1,21613
Uganda,2020-12-02,283,1,21896
Uganda,2020-12-03,289,1,22185
Uganda,2020-12-04,316,1,22501
Uganda,2020-12-05,704,4,23205
Uganda,2020-12-06,661,0,23866
Uganda,2020-12-07,1197,4,25063
Uganda,2020-12-08,671,1,25734
Uganda,2020-12-09,638,1,26372
Uganda,2020-12-10,702,1,27074
Uganda,2020-12-11,461,6,27535
Uganda,2020-12-12,234,0,27769
Uganda,2020-12-13,403,1,28172
Uganda,2020-12-14,565,4,28737
Uganda,2020-12-15,628,3,29365
Uganda,2020-12-16,709,2,30074
Uganda,2020-12-17,631,2,30705
Uganda,2020-12-18,486,7,31191
Uganda,2020-12-19,197,4,31388
Uganda,2020-12-20,526,0,31914
Uganda,2020-12-21,489,2,32403
Uganda,2020-12-22,515,5,32918
Uganda,2020-12-23,446,2,33364
Uganda,2020-12-24,203,6,33567
Uganda,2020-12-25,248,2,33815
Uganda,2020-12-26,162,1,33977
Uganda,2020-12-27,308,1,34285
Uganda,2020-12-28,396,3,34681
Uganda,2020-12-29,539,1,35220
Uganda,2020-12-30,291,1,35511
Uganda,2020-12-31,201,0,35712
Uganda,2021-01-01,210,0,35922
Uganda,2021-01-02,128,0,36050
Uganda,2021-01-03,357,1,36407
Uganda,2021-01-04,295,1,36702
Uganda,2021-01-05,372,2,37074
Uganda,2021-01-06,222,1,37296
Uganda,2021-01-07,258,0,37554
Uganda,2021-01-08,188,1,37742
Uganda,2021-01-09,66,2,37808
Uganda,2021-01-10,140,1,37948
Uganda,2021-01-11,136,0,38084
Uganda,2021-01-12,204,0,38288
Uganda,2021-01-13,84,0,38372
Uganda,2021-01-14,19,0,38391
Uganda,2021-01-15,28,1,38419
Uganda,2021-01-16,45,0,38464
Uganda,2021-01-17,70,1,38534
Uganda,2021-01-18,94,1,38628
Uganda,2021-01-19,178,1,38806
Uganda,2021-01-20,129,1,38935
Uganda,2021-01-21,109,0,39044
Uganda,2021-01-22,105,0,39149
Uganda,2021-01-23,39,1,39188
Uganda,2021-01-24,73,0,39261
Uganda,2021-01-25,52,0,39313
Uganda,2021-01-26,111,0,39424
Uganda,2021-01-27,66,0,39490
Uganda,2021-01-28,43,0,39533
Uganda,2021-01-29,46,1,39579
Uganda,2021-01-30,27,0,39606
Uganda,2021-01-31,45,2,39651
Uganda,2021-02-01,34,1,39685
Uganda,2021-02-02,50,0,39735
Uganda,2021-02-03,54,0,39789
Uganda,2021-02-04,32,0,39821
Uganda,2021-02-05,27,0,39848
Uganda,2021-02-06,12,1,39860
Uganda,2021-02-07,23,0,39883
Uganda,2021-02-08,28,0,39911
Uganda,2021-02-09,32,0,39943
Uganda,2021-02-10,37,0,39980
Uganda,2021-02-11,40,0,40020
Uganda,2021-02-12,36,1,40056
Uganda,2021-02-13,8,1,40064
Uganda,2021-02-14,26,1,40090
Uganda,2021-02-15,12,1,40102
Uganda,2021-02-16,52,1,40154
Uganda,2021-02-17,15,0,40169
Uganda,2021-02-18,30,0,40199
Uganda,2021-02-19,14,0,40213
Uganda,2021-02-20,8,0,40221
Uganda,2021-02-21,22,1,40243
Uganda,2021-02-22,18,0,40261
Uganda,2021-02-23,39,0,40300
Uganda,2021-02-24,22,0,40322
Uganda,2021-02-25,13,0,40335
Uganda,2021-02-26,22,0,40357
Uganda,2021-02-27,10,0,40367
Uganda,2021-02-28,28,0,40395
Uganda,2021-03-01,13,0,40408
Uganda,2021-03-02,18,0,40426
Uganda,2021-03-03,26,0,40452
Uganda,2021-03-04,12,0,40464
Uganda,2021-03-05,15,0,40479
Uganda,2021-03-06,6,0,40485
Uganda,2021-03-07,5,0,40490
Uganda,2021-03-08,30,0,40520
Uganda,2021-03-09,15,0,40535
Uganda,2021-03-10,9,0,40544
Uganda,2021-03-11,24,0,40568
Uganda,2021-03-12,13,0,40581
Uganda,2021-03-13,10,0,40591
Uganda,2021-03-14,2,0,40593
Uganda,2021-03-15,14,1,40607
Uganda,2021-03-16,18,0,40625
Uganda,2021-03-17,27,0,40652
Uganda,2021-03-18,24,0,40676
Uganda,2021-03-19,12,0,40688
Uganda,2021-03-20,18,0,40706
Uganda,2021-03-21,14,1,40720
Uganda,2021-03-22,15,0,40735
Uganda,2021-03-23,17,0,40752
Uganda,2021-03-24,19,0,40771
Uganda,2021-03-25,23,0,40794
Uganda,2021-03-26,26,0,40820
Uganda,2021-03-27,19,0,40839
Uganda,2021-03-28,28,0,40867
Uganda,2021-03-29,23,1,40890
Uganda,2021-03-30,34,0,40924
Uganda,2021-03-31,38,0,40962
Uganda,2021-04-01,26,0,40988
Uganda,2021-04-02,28,0,41016
Uganda,2021-04-03,7,0,41023
Uganda,2021-04-04,23,1,41046
Uganda,2021-04-05,16,0,41062
Uganda,2021-04-06,24,0,41086
Uganda,2021-04-07,27,0,41113
Uganda,2021-04-08,27,0,41140
Uganda,2021-04-09,34,0,41174
Uganda,2021-04-10,30,1,41204
Uganda,2021-04-11,33,0,41237
Uganda,2021-04-12,26,0,41263
Uganda,2021-04-13,47,0,41310
Uganda,2021-04-14,30,1,41340
Uganda,2021-04-15,38,1,41378
Uganda,2021-04-16,18,0,41396
Uganda,2021-04-17,26,0,41422
Uganda,2021-04-18,55,0,41477
Uganda,2021-04-19,54,1,41531
Uganda,2021-04-20,46,0,41577
Uganda,2021-04-21,44,0,41621
Uganda,2021-04-22,36,0,41657
Uganda,2021-04-23,60,0,41717
Uganda,2021-04-24,22,1,41739
Uganda,2021-04-25,29,0,41768
Uganda,2021-04-26,31,0,41799
Uganda,2021-04-27,69,1,41868
Uganda,2021-04-28,39,0,41907
Uganda,2021-04-29,23,0,41930
Uganda,2021-04-30,51,2,41981
Uganda,2021-05-01,53,0,42034
Uganda,2021-05-02,70,1,42104
Uganda,2021-05-03,50,1,42154
Uganda,2021-05-04,72,1,42226
Uganda,2021-05-05,84,0,42310
Uganda,2021-05-06,47,0,42357
Uganda,2021-05-07,29,0,42386
Uganda,2021-05-08,43,0,42429
Uganda,2021-05-09,60,1,42489
Uganda,2021-05-10,91,0,42580
Uganda,2021-05-11,96,1,42676
Uganda,2021-05-12,50,1,42726
Uganda,2021-05-13,55,0,42781
Uganda,2021-05-14,80,0,42861
Uganda,2021-05-15,71,1,42932
Uganda,2021-05-16,164,0,43096
Uganda,2021-05-17,129,2,43225
Uganda,2021-05-18,147,0,43372
Uganda,2021-05-19,137,0,43509
Uganda,2021-05-20,227,1,43736
Uganda,2021-05-21,185,0,43921
Uganda,2021-05-22,155,0,44076
Uganda,2021-05-23,205,6,44281
Uganda,2021-05-24,0,0,44281
Uganda,2021-05-25,950,2,45231
Uganda,2021-05-26,700,1,45931
Uganda,2021-05-27,0,0,45931
Uganda,2021-05-28,1216,0,47147
Uganda,2021-05-29,614,0,47761
Uganda,2021-05-30,915,2,48676
Uganda,2021-05-31,1083,1,49759
Uganda,2021-06-01,1247,9,51006
Uganda,2021-06-02,0,0,51006
Uganda,2021-06-03,0,0,51006
Uganda,2021-06-04,2955,9,53961
Uganda,2021-06-05,708,5,54669
Uganda,2021-06-06,842,14,55511
Uganda,2021-06-07,1438,0,56949
Uganda,2021-06-08,1566,6,58515
Uganda,2021-06-09,1735,15,60250
Uganda,2021-06-10,1727,5,61977
Uganda,2021-06-11,1122,6,63099
Uganda,2021-06-12,1422,25,64521
Uganda,2021-06-13,1110,49,65631
Uganda,2021-06-14,1584,34,67215
Uganda,2021-06-15,1564,42,68779
Uganda,2021-06-16,1397,42,70176
Uganda,2021-06-17,1367,34,71543
Uganda,2021-06-18,1136,20,72679
Uganda,2021-06-19,722,34,73401
Uganda,2021-06-20,859,38,74260
Uganda,2021-06-21,1277,29,75537
Uganda,2021-06-22,1025,49,76562
Uganda,2021-06-23,943,38,77505
Uganda,2021-06-24,889,35,78394
Uganda,2021-06-25,695,53,79089
Uganda,2021-06-26,345,33,79434
Uganda,2021-06-27,543,34,79977
Uganda,2021-06-28,1057,38,81034
Uganda,2021-06-29,1048,50,82082
Uganda,2021-06-30,770,799,82852
Uganda,2021-07-01,784,29,83636
Uganda,2021-07-02,480,27,84116
Uganda,2021-07-03,438,29,84554
Uganda,2021-07-04,425,17,84979
Uganda,2021-07-05,602,21,85581
Uganda,2021-07-06,559,29,86140
Uganda,2021-07-07,615,28,86755
Uganda,2021-07-08,522,14,87277
Uganda,2021-07-09,479,25,87756
Uganda,2021-07-10,438,35,88194
Uganda,2021-07-11,480,39,88674
Uganda,2021-07-12,406,46,89080
Uganda,2021-07-13,434,37,89514
Uganda,2021-07-14,461,38,89975
Uganda,2021-07-15,416,29,90391
Uganda,2021-07-16,265,39,90656
Uganda,2021-07-17,254,20,90910
Uganda,2021-07-18,252,13,91162
Uganda,2021-07-19,193,58,91355
Uganda,2021-07-20,355,13,91710
Uganda,2021-07-21,405,30,92115
Uganda,2021-07-22,375,31,92490
Uganda,2021-07-23,234,22,92724
Uganda,2021-07-24,71,11,92795
Uganda,2021-07-25,327,15,93122
Uganda,2021-07-26,160,27,93282
Uganda,2021-07-27,393,29,93675
Uganda,2021-07-28,252,29,93927
Uganda,2021-07-29,268,6,94195
Uganda,2021-07-30,230,14,94425
Uganda,2021-07-31,112,15,94537
Uganda,2021-08-01,202,9,94739
Uganda,2021-08-02,165,18,94904
Uganda,2021-08-03,322,19,95226
Uganda,2021-08-04,248,14,95474
Uganda,2021-08-05,249,8,95723
Uganda,2021-08-06,152,15,95875
Uganda,2021-08-07,80,4,95955
Uganda,2021-08-08,112,9,96067
Uganda,2021-08-09,157,11,96224
Uganda,2021-08-10,273,24,96497
Uganda,2021-08-11,181,7,96678
Uganda,2021-08-12,309,19,96987
Uganda,2021-08-13,137,11,97124
Uganda,2021-08-14,62,12,97186
Uganda,2021-08-15,108,12,97294
Uganda,2021-08-16,159,14,97453
Uganda,2021-08-17,20692,8,118145
Uganda,2021-08-18,357,7,118502
Uganda,2021-08-19,171,6,118673
Uganda,2021-08-20,104,8,118777
Uganda,2021-08-21,123,2,118900
Uganda,2021-08-22,137,6,119037
Uganda,2021-08-23,104,5,119141
Uganda,2021-08-24,186,8,119327
Uganda,2021-08-25,0,1,119327
Uganda,2021-08-26,217,5,119544
Uganda,2021-08-27,188,6,119732
Uganda,2021-08-28,93,15,119825
Uganda,2021-08-29,90,6,119915
Uganda,2021-08-30,293,19,120208
Uganda,2021-08-31,169,7,120377
Uganda,2021-09-01,89,3,120466
Uganda,2021-09-02,115,4,120581
Uganda,2021-09-03,81,6,120662
Uganda,2021-09-04,52,8,120714
Uganda,2021-09-05,133,7,120847
Uganda,2021-09-06,143,6,120990
Uganda,2021-09-07,176,11,121166
Uganda,2021-09-08,130,7,121296
Uganda,2021-09-09,214,3,121510
Uganda,2021-09-10,77,4,121587
Uganda,2021-09-11,30,4,121617
Uganda,2021-09-12,70,3,121687
Uganda,2021-09-13,97,9,121784
Uganda,2021-09-14,200,4,121984
Uganda,2021-09-15,99,4,122083
Uganda,2021-09-16,129,5,122212
Uganda,2021-09-17,65,1,122277
Uganda,2021-09-18,128,1,122405
Uganda,2021-09-19,97,5,122502
Uganda,2021-09-20,89,2,122591
Uganda,2021-09-21,312,3,122903
Uganda,2021-09-22,163,5,123066
Uganda,2021-09-23,115,2,123181
Uganda,2021-09-24,64,1,123245
Uganda,2021-09-25,95,2,123340
Uganda,2021-09-26,105,4,123445
Uganda,2021-09-27,127,4,123572
Uganda,2021-09-28,170,3,123742
Uganda,2021-09-29,115,0,123857
Uganda,2021-09-30,119,1,123976
Uganda,2021-10-01,63,2,124039
Uganda,2021-10-02,59,0,124098
Uganda,2021-10-03,92,1,124190
Uganda,2021-10-04,64,5,124254
Uganda,2021-10-05,183,2,124437
Uganda,2021-10-06,107,2,124544
Uganda,2021-10-07,102,2,124646
Uganda,2021-10-08,90,1,124736
Uganda,2021-10-09,72,2,124808
Uganda,2021-10-10,56,0,124864
Uganda,2021-10-11,60,0,124924
Uganda,2021-10-12,125,1,125049
Uganda,2021-10-13,45,2,125094
Uganda,2021-10-14,92,3,125186
Uganda,2021-10-15,75,0,125261
Uganda,2021-10-16,22,2,125283
Uganda,2021-10-17,81,1,125364
Uganda,2021-10-18,62,4,125426
Uganda,2021-10-19,111,2,125537
Uganda,2021-10-20,108,4,125645
Uganda,2021-10-21,65,2,125710
Uganda,2021-10-22,48,0,125758
Uganda,2021-10-23,30,0,125788
Uganda,2021-10-24,73,4,125861
Uganda,2021-10-25,59,5,125920
Uganda,2021-10-26,80,1,126000
Uganda,2021-10-27,75,5,126075
Uganda,2021-10-28,96,0,126171
Uganda,2021-10-29,65,0,126236
Uganda,2021-10-30,36,2,126272
Uganda,2021-10-31,49,2,126321
Uganda,2021-11-01,27,2,126348
Uganda,2021-11-02,59,2,126407
Uganda,2021-11-03,85,2,126492
Uganda,2021-11-04,78,2,126570
Uganda,2021-11-05,55,1,126625
Uganda,2021-11-06,19,2,126644
Uganda,2021-11-07,70,1,126714
Uganda,2021-11-08,49,3,126763
Uganda,2021-11-09,70,2,126833
Uganda,2021-11-10,56,1,126889
Uganda,2021-11-11,34,1,126923
Uganda,2021-11-12,42,1,126965
Uganda,2021-11-13,37,2,127002
Uganda,2021-11-14,44,3,127046
Uganda,2021-11-15,27,3,127073
Uganda,2021-11-16,55,0,127128
Uganda,2021-11-17,38,0,127166
Uganda,2021-11-18,49,1,127215
Uganda,2021-11-19,22,1,127237
Uganda,2021-11-20,31,1,127268
Uganda,2021-11-21,37,0,127305
Uganda,2021-11-22,32,0,127337
Uganda,2021-11-23,76,1,127413
Uganda,2021-11-24,48,1,127461
Uganda,2021-11-25,28,0,127489
Uganda,2021-11-26,34,0,127523
Uganda,2021-11-27,27,0,127550
Uganda,2021-11-28,39,0,127589
Uganda,2021-11-29,29,0,127618
Uganda,2021-11-30,33,1,127651
Uganda,2021-12-01,32,1,127683
Uganda,2021-12-02,39,0,127722
Uganda,2021-12-03,34,2,127756
Uganda,2021-12-04,19,2,127775
Uganda,2021-12-05,47,3,127822
Uganda,2021-12-06,41,2,127863
Uganda,2021-12-07,81,2,127944
Uganda,2021-12-08,36,2,127980
Uganda,2021-12-09,60,1,128040
Uganda,2021-12-10,60,1,128100
Uganda,2021-12-11,87,0,128187
Uganda,2021-12-12,92,0,128279
Uganda,2021-12-13,90,2,128369
Uganda,2021-12-14,209,1,128578
Uganda,2021-12-15,255,0,128833
Uganda,2021-12-16,297,0,129130
Uganda,2021-12-17,189,2,129319
Uganda,2021-12-18,357,0,129676
Uganda,2021-12-19,502,0,130178
Uganda,2021-12-20,0,0,130178
Uganda,2021-12-21,0,0,130178
Uganda,2021-12-22,3054,0,133232
Uganda,2021-12-23,0,0,133232
Uganda,2021-12-24,1859,6,135091
Uganda,2021-12-25,974,5,136065
Uganda,2021-12-26,1272,2,137337
Uganda,2021-12-27,1809,4,139146
Uganda,2021-12-28,1658,3,140804
Uganda,2021-12-29,1867,3,142671
Uganda,2021-12-30,1936,5,144607
Uganda,2021-12-31,1423,4,146030
Uganda,2022-01-01,813,6,146843
Uganda,2022-01-02,1766,1,148609
Uganda,2022-01-03,1759,12,150368
Uganda,2022-01-04,1461,8,151829
Uganda,2022-01-05,1016,4,152845
Uganda,2022-01-06,984,2,153829
Uganda,2022-01-07,749,18,154578
Uganda,2022-01-08,865,4,155443
Uganda,2022-01-09,670,9,156113
Uganda,2022-01-10,591,8,156704
Uganda,2022-01-11,523,7,157227
Uganda,2022-01-12,594,9,157821
Uganda,2022-01-13,484,17,158305
Uganda,2022-01-14,438,13,158743
Uganda,2022-01-15,257,13,159000
Uganda,2022-01-16,270,12,159270
Uganda,2022-01-17,251,10,159521
Uganda,2022-01-18,286,4,159807
Uganda,2022-01-19,406,7,160213
Uganda,2022-01-20,206,9,160419
Uganda,2022-01-21,220,9,160639
Uganda,2022-01-22,139,9,160778
Uganda,2022-01-23,196,10,160974
Uganda,2022-01-24,285,8,161259
Uganda,2022-01-25,162,7,161421
Uganda,2022-01-26,149,6,161570
Uganda,2022-01-27,0,0,161570
Uganda,2022-01-28,269,5,161839
Uganda,2022-01-29,90,5,161929
Uganda,2022-01-30,78,7,162007
Uganda,2022-01-31,109,3,162116
Uganda,2022-02-01,87,6,162203
Uganda,2022-02-02,0,0,162203
Uganda,2022-02-03,137,8,162340
Uganda,2022-02-04,35,4,162375
Uganda,2022-02-05,67,2,162442
Uganda,2022-02-06,68,2,162510
Uganda,2022-02-07,49,2,162559
Uganda,2022-02-08,80,3,162639
Uganda,2022-02-09,0,0,162639
Uganda,2022-02-10,124,2,162763
Uganda,2022-02-11,59,2,162822
Uganda,2022-02-12,47,1,162869
Uganda,2022-02-13,63,2,162932
Uganda,2022-02-14,0,0,162932
Uganda,2022-02-15,108,1,163040
Uganda,2022-02-16,31,1,163071
Uganda,2022-02-17,28,1,163099
Uganda,2022-02-18,17,0,163116
Uganda,2022-02-19,22,0,163138
Uganda,2022-02-20,14,0,163152
Uganda,2022-02-21,27,0,163179
Uganda,2022-02-22,52,0,163231
Uganda,2022-02-23,0,0,163231
Uganda,2022-02-24,76,3,163307
Uganda,2022-02-25,26,0,163333
Uganda,2022-02-26,9,0,163342
Uganda,2022-02-27,26,0,163368
Uganda,2022-02-28,15,0,163383
Uganda,2022-03-01,22,2,163405
Uganda,2022-03-02,0,0,163405
Uganda,2022-03-03,16,0,163421
Uganda,2022-03-04,19,0,163440
Uganda,2022-03-05,14,0,163454
Uganda,2022-03-06,44,1,163498
Uganda,2022-03-07,15,0,163513
Uganda,2022-03-08,16,1,163529
Uganda,2022-03-09,12,0,163541
Uganda,2022-03-10,0,0,163541
Uganda,2022-03-11,43,0,163584
Uganda,2022-03-12,13,0,163597
Uganda,2022-03-13,12,2,163609
Uganda,2022-03-14,18,1,163627
Uganda,2022-03-15,7,0,163634
Uganda,2022-03-16,12,0,163646
Uganda,2022-03-17,43,0,163689
Uganda,2022-03-18,0,0,163689
Uganda,2022-03-19,0,0,163689
Uganda,2022-03-20,35,0,163724
Uganda,2022-03-21,14,0,163738
Uganda,2022-03-22,13,0,163751
Uganda,2022-03-23,28,0,163779
Uganda,2022-03-24,19,1,163798
Uganda,2022-03-25,7,0,163805
Uganda,2022-03-26,9,0,163814
Uganda,2022-03-27,14,0,163828
Uganda,2022-03-28,13,0,163841
Uganda,2022-03-29,14,0,163855
Uganda,2022-03-30,13,0,163868
Uganda,2022-03-31,4,0,163872
Uganda,2022-04-01,13,0,163885
Uganda,2022-04-02,2,0,163887
Uganda,2022-04-03,3,0,163890
Uganda,2022-04-04,18,0,163908
Uganda,2022-04-05,7,0,163915
Uganda,2022-04-06,0,0,163915
Uganda,2022-04-07,14,0,163929
Uganda,2022-04-08,3,0,163932
Uganda,2022-04-09,0,0,163932
Uganda,2022-04-10,12,1,163944
Uganda,2022-04-11,11,0,163955
Uganda,2022-04-12,23,0,163978
Uganda,2022-04-13,9,0,163987
Uganda,2022-04-14,4,0,163991
Uganda,2022-04-15,3,0,163994
Uganda,2022-04-16,11,0,164005
Uganda,2022-04-17,0,0,164005
Uganda,2022-04-18,19,0,164024
Uganda,2022-04-19,7,0,164031
Uganda,2022-04-20,7,0,164038
Uganda,2022-04-21,10,0,164048
Uganda,2022-04-22,6,0,164054
Uganda,2022-04-23,4,0,164058
Uganda,2022-04-24,7,0,164065
Uganda,2022-04-25,4,0,164069
Uganda,2022-04-26,15,0,164084
Uganda,2022-04-27,20,0,164104
Uganda,2022-04-28,0,0,164104
Uganda,2022-04-29,0,0,164104
Uganda,2022-04-30,11,1,164115
Uganda,2022-05-01,3,0,164118
Uganda,2022-05-02,6,0,164124
Uganda,2022-05-03,10,0,164134
Uganda,2022-05-04,3,0,164137
Uganda,2022-05-05,12,0,164149
Uganda,2022-05-06,0,0,164149
Uganda,2022-05-07,4,0,164153
Uganda,2022-05-08,6,0,164159
Uganda,2022-05-09,8,0,164167
Uganda,2022-05-10,118,0,164285
Uganda,2022-05-11,-90,0,164195
Uganda,2022-05-12,18,0,164213
Uganda,2022-05-13,2,0,164215
Uganda,2022-05-14,4,0,164219
Uganda,2022-05-15,14,0,164233
Uganda,2022-05-16,7,0,164240
Uganda,2022-05-17,10,0,164250
Uganda,2022-05-18,42,2,164292
Uganda,2022-05-19,20,0,164312
Uganda,2022-05-20,19,0,164331
Uganda,2022-05-21,5,2,164336
Uganda,2022-05-22,30,0,164366
Uganda,2022-05-23,0,0,164366
Uganda,2022-05-24,46,0,164412
Uganda,2022-05-25,0,0,164412
Uganda,2022-05-26,0,0,164412
Uganda,2022-05-27,0,0,164412
Uganda,2022-05-28,0,0,164412
Uganda,2022-05-29,0,0,164412
Uganda,2022-05-30,0,0,164412
Uganda,2022-05-31,0,0,164412
Uganda,2022-06-01,178,0,164590
Uganda,2022-06-02,51,0,164641
Uganda,2022-06-03,38,0,164679
Uganda,2022-06-04,35,0,164714
Uganda,2022-06-05,34,0,164748
Uganda,2022-06-06,193,1,164941
Uganda,2022-06-07,0,0,164941
Uganda,2022-06-08,194,1,165135
Uganda,2022-06-09,116,1,165251
Uganda,2022-06-10,0,0,165251
Uganda,2022-06-11,82,0,165333
Uganda,2022-06-12,0,0,165333
Uganda,2022-06-13,274,8,165607
Uganda,2022-06-14,0,0,165607
Uganda,2022-06-15,132,0,165739
Uganda,2022-06-16,84,1,165823
Uganda,2022-06-17,111,1,165934
Uganda,2022-06-18,34,0,165968
Uganda,2022-06-19,42,3,166010
Uganda,2022-06-20,221,0,166231
Uganda,2022-06-21,0,0,166231
Uganda,2022-06-22,84,0,166315
Uganda,2022-06-23,0,0,166315
Uganda,2022-06-24,151,2,166466
Uganda,2022-06-25,59,0,166525
Uganda,2022-06-26,47,0,166572
Uganda,2022-06-27,88,0,166660
Uganda,2022-06-28,160,0,166820
Uganda,2022-06-29,70,0,166890
Uganda,2022-06-30,59,0,166949
Uganda,2022-07-01,44,0,166993
Uganda,2022-07-02,30,0,167023
Uganda,2022-07-03,69,1,167092
Uganda,2022-07-04,91,0,167183
Uganda,2022-07-05,58,0,167241
Uganda,2022-07-06,0,5,167241
Uganda,2022-07-07,0,0,167241
Uganda,2022-07-08,167,0,167408
Uganda,2022-07-09,103,0,167511
Uganda,2022-07-10,0,0,167511
Uganda,2022-07-11,72,0,167583
Uganda,2022-07-12,60,0,167643
Uganda,2022-07-13,95,0,167738
Uganda,2022-07-14,39,0,167777
Uganda,2022-07-15,13,0,167790
Uganda,2022-07-16,25,0,167815
Uganda,2022-07-17,44,0,167859
Uganda,2022-07-18,42,0,167901
Uganda,2022-07-19,32,0,167933
Uganda,2022-07-20,59,1,167992
Uganda,2022-07-21,21,0,168013
Uganda,2022-07-22,21,0,168034
Uganda,2022-07-23,109,0,168143
Uganda,2022-07-24,38,0,168181
Uganda,2022-07-25,27,0,168208
Uganda,2022-07-26,41,0,168249
Uganda,2022-07-27,20,0,168269
Uganda,2022-07-28,39,0,168308
Uganda,2022-07-29,30,0,168338
Uganda,2022-07-30,21,0,168359
Uganda,2022-07-31,31,0,168390
Uganda,2022-08-01,25,0,168415
Uganda,2022-08-02,21,0,168436
Uganda,2022-08-03,15,0,168451
Uganda,2022-08-04,24,0,168475
Uganda,2022-08-05,26,0,168501
Uganda,2022-08-06,0,0,168501
Uganda,2022-08-07,44,0,168545
Uganda,2022-08-08,56,0,168601
Uganda,2022-08-09,0,0,168601
Uganda,2022-08-10,35,0,168636
Uganda,2022-08-11,16,0,168652
Uganda,2022-08-12,3,0,168655
Uganda,2022-08-13,26,0,168681
Uganda,2022-08-14,19,0,168700
Uganda,2022-08-15,6,0,168706
Uganda,2022-08-16,25,0,168731
Uganda,2022-08-17,10,0,168741
Uganda,2022-08-18,12,0,168753
Uganda,2022-08-19,13,0,168766
Uganda,2022-08-20,6,0,168772
Uganda,2022-08-21,11,1,168783
Uganda,2022-08-22,13,0,168796
Uganda,2022-08-23,14,0,168810
Uganda,2022-08-24,26,0,168836
Uganda,2022-08-25,44,0,168880
Uganda,2022-08-26,11,0,168891
Uganda,2022-08-27,0,0,168891
Uganda,2022-08-28,19,0,168910
Uganda,2022-08-29,7,0,168917
Uganda,2022-08-30,6,0,168923
Uganda,2022-08-31,5,0,168928
Uganda,2022-09-01,5,0,168933
Uganda,2022-09-02,4,0,168937
Uganda,2022-09-03,3,0,168940
Uganda,2022-09-04,13,0,168953
Uganda,2022-09-05,15,0,168968
Uganda,2022-09-06,6,0,168974
Uganda,2022-09-07,0,0,168974
Uganda,2022-09-08,8,0,168982
Uganda,2022-09-09,11,0,168993
Uganda,2022-09-10,8,0,169001
Uganda,2022-09-11,0,0,169001
Uganda,2022-09-12,0,0,169001
Uganda,2022-09-13,0,0,169001
Uganda,2022-09-14,,,
Uganda,2022-09-15,,,
Uganda,2022-09-16,,,
Uganda,2022-09-17,,,
